Screen_Number,Screen_Name,UI_Element,Text_Key,English_Default_Text,Guidance_Notes
Screen 1,Welcome & Civic Purpose,Modal Header,intro_header_title,"Curbside Compass","Top blue header title displayed across all 5 walkthrough screens"
Screen 1,Welcome & Civic Purpose,Modal Header Subtitle,intro_header_subtitle,"City of Edmonton Guide","Subheading in top blue bar"
Screen 1,Welcome & Civic Purpose,Screen Title,intro_s1_title,"Welcome to Curbside Compass!","Main card heading on Screen 1"
Screen 1,Welcome & Civic Purpose,Screen Subtitle,intro_s1_subtitle,"A City of Edmonton Public Survey","Sub-heading beneath Screen 1 title"
Screen 1,Welcome & Civic Purpose,Body Paragraph 1,intro_s1_body1,"Help Edmonton plan street parking for your neighbourhood.","Primary purpose of the survey in blue callout card"
Screen 1,Welcome & Civic Purpose,Body Paragraph 2,intro_s1_body2,"There are no wrong answers. It takes just 3 to 5 minutes!","Reassurance and expected completion time in callout card"
Screen 1,Welcome & Civic Purpose,Privacy Statement,intro_s1_privacy,"Your answers are 100% private and protected.","Civic data privacy assurance badge with green checkmark"
Screen 2,How Our Streets Work,Screen Title,intro_s2_title,"How Our Streets Work","Main card heading explaining street mechanics"
Screen 2,How Our Streets Work,Garage Feature Title,intro_s2_garages_title,"1. Back Garages:","Numbered feature 1 header with home icon"
Screen 2,How Our Streets Work,Garage Feature Description,intro_s2_garages_desc,"Homes have private garages in the back lane.","Explains off-street rear parking infrastructure"
Screen 2,How Our Streets Work,Curb Feature Title,intro_s2_curb_title,"2. Curb Spots:","Numbered feature 2 header with car icon"
Screen 2,How Our Streets Work,Curb Feature Description,intro_s2_curb_desc,"Residents, visitors, and delivery vans share street spots.","Explains shared public right-of-way demand"
Screen 2,How Our Streets Work,Key Takeaway,intro_s2_takeaway,"When curb spots fill up, drivers have to circle the block looking for parking.","Bottom summary explaining search delay and traffic impact"
Screen 3,See What Happens Live,Screen Title,intro_s3_title,"See What Happens Live","Main card heading explaining real-time simulation updates"
Screen 3,See What Happens Live,Body Paragraph 1,intro_s3_body1,"Every time you answer a question, the street picture updates right away.","Explains dynamic 2.5D visual feedback mechanism"
Screen 3,See What Happens Live,Body Paragraph 2,intro_s3_body2,"You can see if parking spots open up, or if cars start circling.","Connects answer choices to visual street occupancy"
Screen 3,See What Happens Live,Summary Note,intro_s3_summary,"This helps you see how each parking rule affects your neighbourhood street.","Closing educational rationale for the visual simulation"
Screen 4,Choose Your View,Screen Title,intro_s4_title,"Choose Your Street Picture","Main card heading for accessibility and motion preference"
Screen 4,Choose Your View,Screen Subtitle,intro_s4_subtitle,"Pick the view you like best:","Instructional prompt for user view selection"
Screen 4,Choose Your View,Option 1 Title,intro_s4_opt1_title,"Moving Street Picture","Label for animated 2.5D canvas simulation mode"
Screen 4,Choose Your View,Option 1 Description,intro_s4_opt1_desc,"Watch cars and delivery vans drive on the street.","Describes animated vehicles, deliveries, and active parking"
Screen 4,Choose Your View,Option 2 Title,intro_s4_opt2_title,"Still Picture (No Motion)","Label for high-contrast, calm, simplified summary mode"
Screen 4,Choose Your View,Option 2 Description,intro_s4_opt2_desc,"A calm screen with clear numbers and no moving cars.","Describes accessible mode for users sensitive to motion"
Screen 4,Choose Your View,Selection Badge,intro_s4_badge_selected,"Selected ✓","Visual pill badge shown on the active view option"
Screen 4,Choose Your View,Switch Note,intro_s4_switch_note,"You can switch views anytime during the survey!","Reassures user that view mode can be toggled at any moment"
Screen 5,Ready to Begin,Screen Title,intro_s5_title,"You Are Ready to Begin!","Final card header before starting survey"
Screen 5,Ready to Begin,Screen Subtitle,intro_s5_subtitle,"Just 3 things to remember:","Subheading introducing the 3 final tips"
Screen 5,Ready to Begin,Checklist Item 1,intro_s5_point1,"Set your neighbourhood and answer 8 quick parking questions.","First reminder regarding location selection and questions"
Screen 5,Ready to Begin,Checklist Item 2,intro_s5_point2,"Go at your own speed. There is no rush.","Second reminder supporting low-stress self-pacing"
Screen 5,Ready to Begin,Checklist Item 3,intro_s5_point3,"Click ""How It Works"" at the top if you need this guide again.","Third reminder showing how to reopen the modal at any time"
Screen 5,Ready to Begin,Thank You Message,intro_s5_thankyou,"Thank you for helping plan Edmonton's neighbourhood streets!","Civic appreciation closing note"
Navigation & Shell,Modal Shell,Skip Button,intro_btn_skip,"Skip Intro","Prominent yellow header button and step 1 back button"
Navigation & Shell,Modal Shell,Skip Button Tooltip,intro_btn_skip_title,"Skip this guide and start the survey right now","Hover title for skip button"
Navigation & Shell,Modal Shell,Skip Button Aria,intro_btn_skip_aria,"Skip introduction and start survey","Accessibility aria-label for skip button"
Navigation & Shell,Modal Shell,Close Button Tooltip,intro_btn_close_title,"Close guide","Hover title for header X icon button"
Navigation & Shell,Modal Shell,Close Button Aria,intro_btn_close_aria,"Close guide","Accessibility aria-label for header X icon button"
Navigation & Shell,Modal Shell,Step Pill Prefix,intro_step_label,"Step","Label used in the top step progress bar (Step 1, Step 2, etc.)"
Navigation & Shell,Modal Shell,Screen Counter Prefix,intro_screen_counter_label,"Screen","Counter label in top bar (Screen 1 of 5)"
Navigation & Shell,Modal Shell,Screen Counter Divider,intro_screen_counter_of,"of","Divider word in counter (Screen 1 of 5)"
Navigation & Shell,Modal Shell,Back Button,intro_btn_back,"Back","Bottom left navigation button on screens 2 through 5"
Navigation & Shell,Modal Shell,Next Button,intro_btn_next,"Next Step","Bottom right navigation button on screens 1 through 4"
Navigation & Shell,Modal Shell,Start Button,intro_btn_start,"Start Survey","Bottom right green button on Screen 5 to begin survey"
