"Category","Key","On-Screen Text","Context Description"
"UX/UI Global Navigation","compass_badge_your_result","Your Result","Quadrant title, axis label, or balance metric"
"UX/UI Global Navigation","compass_bottom_axis","▼ Open Access","Quadrant title, axis label, or balance metric"
"UX/UI Global Navigation","compass_bottom_axis_label","","Quadrant title, axis label, or balance metric"
"UX/UI Global Navigation","compass_left_axis_line1","◀ Taxpayer","Quadrant title, axis label, or balance metric"
"UX/UI Global Navigation","compass_left_axis_line2","Funded","Quadrant title, axis label, or balance metric"
"UX/UI Global Navigation","compass_q1_line1","Regulated","Quadrant title, axis label, or balance metric"
"UX/UI Global Navigation","compass_q1_line2","User-Fee","Quadrant title, axis label, or balance metric"
"UX/UI Global Navigation","compass_q2_line1","Protective","Quadrant title, axis label, or balance metric"
"UX/UI Global Navigation","compass_q2_line2","Taxpayer","Quadrant title, axis label, or balance metric"
"UX/UI Global Navigation","compass_q3_line1","Free & Easy","Quadrant title, axis label, or balance metric"
"UX/UI Global Navigation","compass_q3_line2","Open Access","Quadrant title, axis label, or balance metric"
"UX/UI Global Navigation","compass_q4_line1","Flat Rate","Quadrant title, axis label, or balance metric"
"UX/UI Global Navigation","compass_q4_line2","Simple Fee","Quadrant title, axis label, or balance metric"
"UX/UI Global Navigation","compass_right_axis_line1","User-Fee","Quadrant title, axis label, or balance metric"
"UX/UI Global Navigation","compass_right_axis_line2","Funded ▶","Quadrant title, axis label, or balance metric"
"UX/UI Global Navigation","compass_top_axis","▲ Regulated Management","Quadrant title, axis label, or balance metric"
"UX/UI Global Navigation","compass_top_axis_label","","Quadrant title, axis label, or balance metric"
"UX/UI Global Navigation","compat_canvas_switched_desc","Your browser does not support 2.5D canvas graphics. Curbside Compass has automatically enabled Accessible Street Summary mode.","User interface copy and on-screen element"
"UX/UI Global Navigation","compat_canvas_switched_title","Accessible Mode Active","User interface copy and on-screen element"
"UX/UI Global Navigation","compat_storage_private_desc","Browser storage is disabled. Your responses will be kept during this session, but will not be saved if you refresh or close this tab.","User interface copy and on-screen element"
"UX/UI Global Navigation","compat_storage_private_title","Private Session Active","User interface copy and on-screen element"
"UX/UI Global Navigation","feedback_comment_label","Why or why not? (Optional)","App interface copy"
"UX/UI Global Navigation","feedback_comment_placeholder","Share your thoughts with City of Edmonton planners...","App interface copy"
"UX/UI Global Navigation","feedback_question","Do you feel this represents your view on neighbourhood parking?","App interface copy"
"UX/UI Global Navigation","feedback_rating_legend_max","5 - Strongly Agree","App interface copy"
"UX/UI Global Navigation","feedback_rating_legend_min","1 - Strongly Disagree","App interface copy"
"UX/UI Global Navigation","feedback_saved_badge","Feedback Saved","App interface copy"
"UX/UI Global Navigation","header_browser_matched_title","Auto-matched to browser language","Header navigation item or branding badge"
"UX/UI Global Navigation","header_final_persona","Final Persona:","Header navigation item or branding badge"
"UX/UI Global Navigation","header_font_decrease_aria","Decrease font size","Header navigation item or branding badge"
"UX/UI Global Navigation","header_font_decrease_title","Decrease font size (-2pt)","Header navigation item or branding badge"
"UX/UI Global Navigation","header_font_increase_aria","Increase font size","Header navigation item or branding badge"
"UX/UI Global Navigation","header_font_increase_title","Increase font size (+2pt)","Header navigation item or branding badge"
"UX/UI Global Navigation","header_how_it_works_aria","How This Works","Header navigation item or branding badge"
"UX/UI Global Navigation","header_how_it_works_title","About the Street Model & Consultation Guide","Header navigation item or branding badge"
"UX/UI Global Navigation","header_live_trend","Live Trend:","Header navigation item or branding badge"
"UX/UI Global Navigation","header_logo_alt","SafeMobility Compass","Header navigation item or branding badge"
"UX/UI Global Navigation","header_mode_live","Live Model","Header navigation item or branding badge"
"UX/UI Global Navigation","header_mode_simplified","Simplified Mode","Header navigation item or branding badge"
"UX/UI Global Navigation","header_reset_btn","Reset","Header navigation item or branding badge"
"UX/UI Global Navigation","header_reset_title","Reset Survey and Simulation","Header navigation item or branding badge"
"UX/UI Global Navigation","header_retake_btn","Retake","Header navigation item or branding badge"
"UX/UI Global Navigation","header_retake_title","Retake Assessment","Header navigation item or branding badge"
"UX/UI Global Navigation","header_sim_view_aria","Neighborhood Parking Simulation View","Header navigation item or branding badge"
"UX/UI Global Navigation","header_survey_aria","Parking Policy Persona Survey","Header navigation item or branding badge"
"UX/UI Global Navigation","header_switch_to_live","Switch to Live Model","User interface copy and on-screen element"
"UX/UI Global Navigation","header_switch_to_simplified","Switch to Simplified Mode","User interface copy and on-screen element"
"UX/UI Global Navigation","header_sync_active_title","Google Sheet Synced ({count} items) - Click to Manage","Header navigation item or branding badge"
"UX/UI Global Navigation","header_sync_aria","Google Sheet Content Sync","Header navigation item or branding badge"
"UX/UI Global Navigation","header_sync_btn_title","Sync Copy from Google Sheets","Header navigation item or branding badge"
"UX/UI Global Navigation","header_title_compass","Compass","Header navigation item or branding badge"
"UX/UI Global Navigation","header_title_curbside","Curbside","Header navigation item or branding badge"
"UX/UI Global Navigation","header_yeg","EGG","Header navigation item or branding badge"
"UX/UI Global Navigation","lang_available_files","Available Language JSON Files","Accessibility text or language identifier"
"UX/UI Global Navigation","lang_browser_detection","Browser Language Detection:","Accessibility text or language identifier"
"UX/UI Global Navigation","lang_browser_match_badge","Browser Match","Accessibility text or language identifier"
"UX/UI Global Navigation","lang_close_label","Close language selector","Accessibility text or language identifier"
"UX/UI Global Navigation","lang_detected_browser","Detected from browser:","Accessibility text or language identifier"
"UX/UI Global Navigation","lang_match_browser_btn","Match Browser ({code})","Accessibility text or language identifier"
"UX/UI Global Navigation","lang_matched","Matched {code} ({file})","Accessibility text or language identifier"
"UX/UI Global Navigation","lang_modal_subtitle","Curbside Compass Localization Files","Accessibility text or language identifier"
"UX/UI Global Navigation","lang_modal_title","Language & Localization","Accessibility text or language identifier"
"UX/UI Global Navigation","lang_no_match","No exact locale match (defaulting to English)","Accessibility text or language identifier"
"UX/UI Global Navigation","lang_save_notice","Selections are saved locally for future visits.","Accessibility text or language identifier"
"UX/UI Global Navigation","lang_status_auto_matched","Currently auto-matched to your browser preference","Accessibility text or language identifier"
"UX/UI Global Navigation","lang_status_custom","Custom selection active (overrides browser)","Accessibility text or language identifier"
"UX/UI Global Navigation","lang_status_default","Defaulting to English","Accessibility text or language identifier"
"UX/UI Global Navigation","nav_alert_postal_format","Please enter a 6 or 7 character alphanumeric postal code.","Step advancement or question navigation"
"UX/UI Global Navigation","nav_alert_select_option","Please select an option to advance.","Step advancement or question navigation"
"UX/UI Global Navigation","nav_btn_back_to_location","Back","Step advancement or question navigation"
"UX/UI Global Navigation","nav_btn_calc_persona","Calculate Resident Profile","Step advancement or question navigation"
"UX/UI Global Navigation","nav_btn_confirm_layout","Next: Street Layout","Step advancement or question navigation"
"UX/UI Global Navigation","nav_btn_go_back","Go Back","User interface copy and on-screen element"
"UX/UI Global Navigation","nav_btn_next","Next","Step advancement or question navigation"
"UX/UI Global Navigation","nav_btn_previous","Previous","Step advancement or question navigation"
"UX/UI Global Navigation","nav_btn_proceed_q1","Start Survey","Step advancement or question navigation"
"UX/UI Global Navigation","persona_balanced_resident_desc","You like a fair balance of parking rules. You slightly prefer that everyone shares the costs through taxes, instead of just drivers.","City policy persona profile details"
"UX/UI Global Navigation","persona_balanced_resident_edmonton_fit","Aligns with flexible neighbourhood parking.","City policy persona profile details"
"UX/UI Global Navigation","persona_balanced_resident_priority_1","Balanced access","City policy persona profile details"
"UX/UI Global Navigation","persona_balanced_resident_priority_2","Community funding","City policy persona profile details"
"UX/UI Global Navigation","persona_balanced_resident_subtitle","Fair Balance • Shared Costs","City policy persona profile details"
"UX/UI Global Navigation","persona_balanced_resident_title","Balanced Resident","City policy persona profile details"
"UX/UI Global Navigation","persona_block_resident_desc","You like strict parking rules to keep order. You prefer that everyone shares the costs through taxes, rather than just car owners.","City policy persona profile details"
"UX/UI Global Navigation","persona_block_resident_edmonton_fit","Aligns with highly regulated mature neighbourhoods.","City policy persona profile details"
"UX/UI Global Navigation","persona_block_resident_priority_1","Strict enforcement","City policy persona profile details"
"UX/UI Global Navigation","persona_block_resident_priority_2","General tax funding","City policy persona profile details"
"UX/UI Global Navigation","persona_block_resident_subtitle","Strict Rules • General Taxation","City policy persona profile details"
"UX/UI Global Navigation","persona_block_resident_title","Block Resident","City policy persona profile details"
"UX/UI Global Navigation","persona_casual_cruiser_desc","You like very few parking rules on our streets. You strongly believe car owners must pay for their own parking, not everyone.","City policy persona profile details"
"UX/UI Global Navigation","persona_casual_cruiser_edmonton_fit","Aligns with unregulated paid public lots.","City policy persona profile details"
"UX/UI Global Navigation","persona_casual_cruiser_priority_1","Unrestricted access","City policy persona profile details"
"UX/UI Global Navigation","persona_casual_cruiser_priority_2","Direct user payments","City policy persona profile details"
"UX/UI Global Navigation","persona_casual_cruiser_subtitle","Very Few Rules • Strong User-Fee","City policy persona profile details"
"UX/UI Global Navigation","persona_casual_cruiser_title","Casual Cruiser","City policy persona profile details"
"UX/UI Global Navigation","persona_chill_neighbour_desc","You like having few parking rules. You believe everyone should share the costs through taxes, not just car owners.","City policy persona profile details"
"UX/UI Global Navigation","persona_chill_neighbour_edmonton_fit","Aligns with low-density residential guidelines.","City policy persona profile details"
"UX/UI Global Navigation","persona_chill_neighbour_priority_1","Minimal restrictions","City policy persona profile details"
"UX/UI Global Navigation","persona_chill_neighbour_priority_2","Publicly funded","City policy persona profile details"
"UX/UI Global Navigation","persona_chill_neighbour_subtitle","Few Rules • Shared Costs","City policy persona profile details"
"UX/UI Global Navigation","persona_chill_neighbour_title","Chill Neighbour","City policy persona profile details"
"UX/UI Global Navigation","persona_easy_neighbor_desc","You like fewer parking rules to make things easy. You prefer that everyone shares the costs through taxes, rather than just drivers.","City policy persona profile details"
"UX/UI Global Navigation","persona_easy_neighbor_edmonton_fit","Aligns with open suburban parking.","City policy persona profile details"
"UX/UI Global Navigation","persona_easy_neighbor_priority_1","Easy access","City policy persona profile details"
"UX/UI Global Navigation","persona_easy_neighbor_priority_2","Taxpayer funding","City policy persona profile details"
"UX/UI Global Navigation","persona_easy_neighbor_subtitle","Fewer Rules • Shared Costs","City policy persona profile details"
"UX/UI Global Navigation","persona_easy_neighbor_title","Easy Neighbor","City policy persona profile details"
"UX/UI Global Navigation","persona_fair_parker_desc","You like a fair balance of parking rules. You strongly feel that drivers should pay for parking, instead of everyone.","City policy persona profile details"
"UX/UI Global Navigation","persona_fair_parker_edmonton_fit","Aligns with self-sustaining parking districts.","City policy persona profile details"
"UX/UI Global Navigation","persona_fair_parker_priority_1","Fair access","City policy persona profile details"
"UX/UI Global Navigation","persona_fair_parker_priority_2","Full cost-recovery from drivers","City policy persona profile details"
"UX/UI Global Navigation","persona_fair_parker_subtitle","Fair Balance • Strong User-Fee","City policy persona profile details"
"UX/UI Global Navigation","persona_fair_parker_title","Fair Parker","City policy persona profile details"
"UX/UI Global Navigation","persona_free_wheeler_desc","You want almost no parking rules so people are free. You strongly believe drivers should pay for their own parking, not everyone.","City policy persona profile details"
"UX/UI Global Navigation","persona_free_wheeler_edmonton_fit","Aligns with private unregulated toll/parking models.","City policy persona profile details"
"UX/UI Global Navigation","persona_free_wheeler_priority_1","Absolute freedom","City policy persona profile details"
"UX/UI Global Navigation","persona_free_wheeler_priority_2","100% user-funded","City policy persona profile details"
"UX/UI Global Navigation","persona_free_wheeler_subtitle","Almost No Rules • Strong User-Fee","City policy persona profile details"
"UX/UI Global Navigation","persona_free_wheeler_title","Free Wheeler","City policy persona profile details"
"UX/UI Global Navigation","persona_happy_driver_desc","You want almost no parking rules. You prefer that drivers pay for parking, rather than everyone sharing the costs through taxes.","City policy persona profile details"
"UX/UI Global Navigation","persona_happy_driver_edmonton_fit","Aligns with open flat-rate parking regions.","City policy persona profile details"
"UX/UI Global Navigation","persona_happy_driver_priority_1","No restrictions","City policy persona profile details"
"UX/UI Global Navigation","persona_happy_driver_priority_2","Flat user fees","City policy persona profile details"
"UX/UI Global Navigation","persona_happy_driver_subtitle","Almost No Rules • User-Fee","City policy persona profile details"
"UX/UI Global Navigation","persona_happy_driver_title","Happy Driver","City policy persona profile details"
"UX/UI Global Navigation","persona_happy_neighbor_desc","You want almost no parking rules. You strongly believe everyone should share the costs through taxes, not just drivers.","City policy persona profile details"
"UX/UI Global Navigation","persona_happy_neighbor_edmonton_fit","Aligns with historically unregulated rural/suburban edges.","City policy persona profile details"
"UX/UI Global Navigation","persona_happy_neighbor_priority_1","Complete freedom","City policy persona profile details"
"UX/UI Global Navigation","persona_happy_neighbor_priority_2","Fully public funding","City policy persona profile details"
"UX/UI Global Navigation","persona_happy_neighbor_subtitle","Almost No Rules • Strong Taxpayer","City policy persona profile details"
"UX/UI Global Navigation","persona_happy_neighbor_title","Happy Neighbor","City policy persona profile details"
"UX/UI Global Navigation","persona_picky_parker_desc","You like clear parking rules. You prefer that car owners pay for parking, rather than everyone sharing the costs through taxes.","City policy persona profile details"
"UX/UI Global Navigation","persona_picky_parker_edmonton_fit","Aligns with targeted permit zones.","City policy persona profile details"
"UX/UI Global Navigation","persona_picky_parker_priority_1","Clear restrictions","City policy persona profile details"
"UX/UI Global Navigation","persona_picky_parker_priority_2","User-pay model","City policy persona profile details"
"UX/UI Global Navigation","persona_picky_parker_subtitle","Clear Rules • User-Fee","City policy persona profile details"
"UX/UI Global Navigation","persona_picky_parker_title","Picky Parker","City policy persona profile details"
"UX/UI Global Navigation","persona_rule_resident_desc","You like clear parking rules. You think everyone should share the costs through taxes, not just car owners.","City policy persona profile details"
"UX/UI Global Navigation","persona_rule_resident_edmonton_fit","Aligns with protected residential areas.","City policy persona profile details"
"UX/UI Global Navigation","persona_rule_resident_priority_1","Defined zones","City policy persona profile details"
"UX/UI Global Navigation","persona_rule_resident_priority_2","Tax-supported maintenance","City policy persona profile details"
"UX/UI Global Navigation","persona_rule_resident_subtitle","Clear Rules • Shared Costs","City policy persona profile details"
"UX/UI Global Navigation","persona_rule_resident_title","Rule Resident","City policy persona profile details"
"UX/UI Global Navigation","persona_safety_parker_desc","You like strict parking rules to keep streets safe. You strongly believe car owners should pay for their own parking, not everyone.","City policy persona profile details"
"UX/UI Global Navigation","persona_safety_parker_edmonton_fit","Aligns with high-traffic pedestrian safety corridors.","City policy persona profile details"
"UX/UI Global Navigation","persona_safety_parker_priority_1","Strict safety enforcement","City policy persona profile details"
"UX/UI Global Navigation","persona_safety_parker_priority_2","Direct user fees","City policy persona profile details"
"UX/UI Global Navigation","persona_safety_parker_subtitle","Strict Rules • Strong User-Fee","City policy persona profile details"
"UX/UI Global Navigation","persona_safety_parker_title","Safety Parker","City policy persona profile details"
"UX/UI Global Navigation","persona_sensible_parker_desc","You like a fair balance of parking rules. You prefer that drivers pay for their own parking, instead of everyone sharing the costs.","City policy persona profile details"
"UX/UI Global Navigation","persona_sensible_parker_edmonton_fit","Aligns with hybrid paid-parking zones.","City policy persona profile details"
"UX/UI Global Navigation","persona_sensible_parker_priority_1","Balanced enforcement","City policy persona profile details"
"UX/UI Global Navigation","persona_sensible_parker_priority_2","Driver-paid infrastructure","City policy persona profile details"
"UX/UI Global Navigation","persona_sensible_parker_subtitle","Fair Balance • User-Fee","City policy persona profile details"
"UX/UI Global Navigation","persona_sensible_parker_title","Sensible Parker","City policy persona profile details"
"UX/UI Global Navigation","persona_simple_driver_desc","You like fewer parking rules to keep life simple. You slightly prefer that car owners pay for parking, rather than everyone sharing the costs.","City policy persona profile details"
"UX/UI Global Navigation","persona_simple_driver_edmonton_fit","Aligns with simplified flat-rate zones.","City policy persona profile details"
"UX/UI Global Navigation","persona_simple_driver_priority_1","Simple access","City policy persona profile details"
"UX/UI Global Navigation","persona_simple_driver_priority_2","Light user fees","City policy persona profile details"
"UX/UI Global Navigation","persona_simple_driver_subtitle","Fewer Rules • User-Fee","City policy persona profile details"
"UX/UI Global Navigation","persona_simple_driver_title","Simple Driver","City policy persona profile details"
"UX/UI Global Navigation","persona_tidy_resident_desc","You like some parking rules to keep streets neat. You feel everyone should share the costs through taxes, not just drivers.","City policy persona profile details"
"UX/UI Global Navigation","persona_tidy_resident_edmonton_fit","Aligns with standard residential parking guidelines.","City policy persona profile details"
"UX/UI Global Navigation","persona_tidy_resident_priority_1","Clear guidelines","City policy persona profile details"
"UX/UI Global Navigation","persona_tidy_resident_priority_2","Shared costs","City policy persona profile details"
"UX/UI Global Navigation","persona_tidy_resident_subtitle","Some Rules • General Taxation","City policy persona profile details"
"UX/UI Global Navigation","persona_tidy_resident_title","Tidy Resident","City policy persona profile details"
"UX/UI Global Navigation","persona_zen_neighbor_desc","You want very few parking rules for more freedom. You slightly prefer that everyone shares the costs through taxes, not just car owners.","City policy persona profile details"
"UX/UI Global Navigation","persona_zen_neighbor_edmonton_fit","Aligns with unenforced open streets.","City policy persona profile details"
"UX/UI Global Navigation","persona_zen_neighbor_priority_1","High freedom","City policy persona profile details"
"UX/UI Global Navigation","persona_zen_neighbor_priority_2","Shared municipal cost","City policy persona profile details"
"UX/UI Global Navigation","persona_zen_neighbor_subtitle","Very Few Rules • Shared Costs","City policy persona profile details"
"UX/UI Global Navigation","persona_zen_neighbor_title","Zen Neighbor","City policy persona profile details"
"UX/UI Global Navigation","privacy_popa_statutory_notice","Personal information is collected for the purpose of Residential Parking Public Engagement and will be used for analysis and insights. Collection is authorized under section 4(c) of the Protection of Privacy Act (POPA) and is managed and protected in accordance with the Act. The City intends to input the information into an automated system to generate content or make decisions, recommendations or predictions in accordance with the City of Edmonton Generative AI Standard. For questions about the collection, please contact [title], [business telephone number] and [email address].","User interface copy and on-screen element"
"UX/UI Global Navigation","results_alignment_title","Trade-off Outcomes","Civic results summary, chart legends, and sharing"
"UX/UI Global Navigation","results_back_to_compass","Back to Compass","Civic results summary, chart legends, and sharing"
"UX/UI Global Navigation","results_btn_back_compass","Back to Compass","Civic results summary, chart legends, and sharing"
"UX/UI Global Navigation","results_btn_finish_share","Finish & Share","Civic results summary, chart legends, and sharing"
"UX/UI Global Navigation","results_btn_next_feedback","Next: Share Feedback","Civic results summary, chart legends, and sharing"
"UX/UI Global Navigation","results_btn_share","Share","Civic results summary, chart legends, and sharing"
"UX/UI Global Navigation","results_compass_result_title","Your Resident Profile Result","Civic results summary, chart legends, and sharing"
"UX/UI Global Navigation","results_enforcement_label","Enforcement Level","Civic results summary, chart legends, and sharing"
"UX/UI Global Navigation","results_fee_model_label","Curbside Fee Model","Civic results summary, chart legends, and sharing"
"UX/UI Global Navigation","results_feedback_prompt","Do you feel this represents your view on neighbourhood parking?","Civic results summary, chart legends, and sharing"
"UX/UI Global Navigation","results_feedback_saved","Feedback Saved","Civic results summary, chart legends, and sharing"
"UX/UI Global Navigation","results_finish_share","Finish & Share","Civic results summary, chart legends, and sharing"
"UX/UI Global Navigation","results_link_copied","Link Copied!","Civic results summary, chart legends, and sharing"
"UX/UI Global Navigation","results_next_feedback","Next: Share Feedback","Civic results summary, chart legends, and sharing"
"UX/UI Global Navigation","results_outcome_title","Trade-off Outcomes","Civic results summary, chart legends, and sharing"
"UX/UI Global Navigation","results_parking_program_outcomes_title","Trade-off Outcomes","Civic results summary, chart legends, and sharing"
"UX/UI Global Navigation","results_privacy_hint","Feedback is collected for planning research. Please do not include personal contact details, phone numbers, or full names.","Civic results summary, chart legends, and sharing"
"UX/UI Global Navigation","results_scale_1","1 - Strongly Disagree","Civic results summary, chart legends, and sharing"
"UX/UI Global Navigation","results_scale_5","5 - Strongly Agree","Civic results summary, chart legends, and sharing"
"UX/UI Global Navigation","results_share_btn","Share","Civic results summary, chart legends, and sharing"
"UX/UI Global Navigation","results_stage_tag","Resident Profile","User interface copy and on-screen element"
"UX/UI Global Navigation","results_step2_title","Your Resident Profile Result","Civic results summary, chart legends, and sharing"
"UX/UI Global Navigation","results_tradeoff_outcomes_title","Trade-off Outcomes","Civic results summary, chart legends, and sharing"
"UX/UI Global Navigation","results_view_summary","View Summary","Civic results summary, chart legends, and sharing"
"UX/UI Global Navigation","results_why_label","Why or why not? (Optional)","Civic results summary, chart legends, and sharing"
"UX/UI Global Navigation","results_why_placeholder","Share your thoughts with City of Edmonton planners...","Civic results summary, chart legends, and sharing"
"UX/UI Global Navigation","results_you_believe_title","You Believe","Civic results summary, chart legends, and sharing"
"UX/UI Global Navigation","rotate_screen_continue_anyway","Continue in Horizontal view anyway","User interface copy and on-screen element"
"UX/UI Global Navigation","rotate_screen_desc","Curbside Compass is designed for vertical portrait view on mobile phones to experience the live neighborhood simulation and answer survey questions clearly.","User interface copy and on-screen element"
"UX/UI Global Navigation","rotate_screen_title","Please Rotate to Vertical (Portrait)","User interface copy and on-screen element"
"UX/UI Global Navigation","share_caption_copied_title","Share caption copied!","Civic results summary, chart legends, and sharing"
"UX/UI Global Navigation","share_choose_label","Choose What to Share","Civic results summary, chart legends, and sharing"
"UX/UI Global Navigation","share_copied_btn","Copied to Clipboard!","Civic results summary, chart legends, and sharing"
"UX/UI Global Navigation","share_copy_btn","Copy Full Post Text to Clipboard","Civic results summary, chart legends, and sharing"
"UX/UI Global Navigation","share_copy_helper_text","Copies your Curbside Compass result and the survey link to paste and share anywhere","Civic results summary, chart legends, and sharing"
"UX/UI Global Navigation","share_download_attach_title","Download image to save or attach","Civic results summary, chart legends, and sharing"
"UX/UI Global Navigation","share_download_img_title","Download image","Civic results summary, chart legends, and sharing"
"UX/UI Global Navigation","share_facebook","Facebook","Civic results summary, chart legends, and sharing"
"UX/UI Global Navigation","share_feedback_completed","Feedback Completed","Civic results summary, chart legends, and sharing"
"UX/UI Global Navigation","share_headline","Thank You for Your Feedback! Share the Curbside Compass","Civic results summary, chart legends, and sharing"
"UX/UI Global Navigation","share_instagram","Instagram","Civic results summary, chart legends, and sharing"
"UX/UI Global Navigation","share_intro","Your perspectives on neighbourhood parking provide valuable insight for the City of Edmonton. Encourage your neighbours, friends, and community members to discover their residential parking profile and have their say on curbside policies:","Civic results summary, chart legends, and sharing"
"UX/UI Global Navigation","share_on_facebook","Share on Facebook","Civic results summary, chart legends, and sharing"
"UX/UI Global Navigation","share_on_instagram","Share on Instagram","Civic results summary, chart legends, and sharing"
"UX/UI Global Navigation","share_on_x","Share on X","Civic results summary, chart legends, and sharing"
"UX/UI Global Navigation","share_opening_platform","Opening {platform} so you can paste your post.","Civic results summary, chart legends, and sharing"
"UX/UI Global Navigation","share_opt_general","General Invite Only","Civic results summary, chart legends, and sharing"
"UX/UI Global Navigation","share_opt_general_desc","Encouraging post without sharing your residential profile results","Civic results summary, chart legends, and sharing"
"UX/UI Global Navigation","share_opt_persona","Include ""My Residential Profile""","Civic results summary, chart legends, and sharing"
"UX/UI Global Navigation","share_opt_persona_includes","Includes: {persona}","Civic results summary, chart legends, and sharing"
"UX/UI Global Navigation","share_preview_label","Social Post Preview","Civic results summary, chart legends, and sharing"
"UX/UI Global Navigation","share_retake_btn","Retake Assessment","Civic results summary, chart legends, and sharing"
"UX/UI Global Navigation","share_save_image_btn","Save image","Civic results summary, chart legends, and sharing"
"UX/UI Global Navigation","share_start_over","Start Over","Civic results summary, chart legends, and sharing"
"UX/UI Global Navigation","share_view_persona_btn","View Resident Profile","Civic results summary, chart legends, and sharing"
"UX/UI Global Navigation","share_x","X (Twitter)","Civic results summary, chart legends, and sharing"
"UX/UI Global Navigation","skip_to_q1_link","Skip Location","App interface copy"
"UX/UI Global Navigation","sync_btn_apply_pasted","Apply Pasted Copy Now","Communications team sheet sync interface text"
"UX/UI Global Navigation","sync_btn_blank_sheet","Open Blank Google Sheet","Communications team sheet sync interface text"
"UX/UI Global Navigation","sync_btn_download_template","Download Full CSV Template","Communications team sheet sync interface text"
"UX/UI Global Navigation","sync_btn_load_template","Load Built-in Template CSV","Communications team sheet sync interface text"
"UX/UI Global Navigation","sync_btn_load_template_title","Loads the built-in text inventory CSV file","Communications team sheet sync interface text"
"UX/UI Global Navigation","sync_btn_reset_defaults","Reset to Defaults","Communications team sheet sync interface text"
"UX/UI Global Navigation","sync_btn_save_sync","Save & Sync Now","Communications team sheet sync interface text"
"UX/UI Global Navigation","sync_btn_syncing","Syncing...","Communications team sheet sync interface text"
"UX/UI Global Navigation","sync_error_default","Unable to load text from the provided spreadsheet.","Communications team sheet sync interface text"
"UX/UI Global Navigation","sync_field_paste_help","You can copy and paste rows directly from Google Sheets or Excel without needing to publish.","Communications team sheet sync interface text"
"UX/UI Global Navigation","sync_field_paste_label","Paste CSV / TSV Rows or Table:","Communications team sheet sync interface text"
"UX/UI Global Navigation","sync_field_paste_placeholder","Text Key,On screen text\nq1_question,Who should pay for residential parking programs?\nq1_option_a,Residents with vehicles in the area...","Communications team sheet sync interface text"
"UX/UI Global Navigation","sync_field_url_help","Paste the link from your browser address bar, the Share link, or a published CSV link. Just ensure your sheet sharing is set to ""Anyone with the link can view"".","Communications team sheet sync interface text"
"UX/UI Global Navigation","sync_field_url_help_title","Any Google Sheets link works:","Communications team sheet sync interface text"
"UX/UI Global Navigation","sync_field_url_label","Google Sheet or CSV URL:","Communications team sheet sync interface text"
"UX/UI Global Navigation","sync_field_url_placeholder","https://docs.google.com/spreadsheets/d/.../edit or .../pub?output=csv","Communications team sheet sync interface text"
"UX/UI Global Navigation","sync_footer_active","🟢 Live Sync Active","Communications team sheet sync interface text"
"UX/UI Global Navigation","sync_footer_default","⚪ Built-in Defaults","Communications team sheet sync interface text"
"UX/UI Global Navigation","sync_guarantee_desc","If Google Sheets is ever unreachable or offline, the app automatically serves the built-in copy. The app will never crash or show blank screens.","Communications team sheet sync interface text"
"UX/UI Global Navigation","sync_guarantee_title","Reliability Guarantee:","Communications team sheet sync interface text"
"UX/UI Global Navigation","sync_guide_step1_desc","Download the template using the Download Full CSV Template button, then open Google Sheets and select File → Import → Upload.","Communications team sheet sync interface text"
"UX/UI Global Navigation","sync_guide_step1_title","1. Download & Import the CSV Template:","Communications team sheet sync interface text"
"UX/UI Global Navigation","sync_guide_step2_desc","Modify any phrasing in the ""On screen text"" (or add a ""Revised text"") column. In Google Sheets, click the blue Share button (top-right) and ensure General access is set to ""Anyone with the link can view"".","Communications team sheet sync interface text"
"UX/UI Global Navigation","sync_guide_step2_title","2. Edit Copy & Set Sharing:","Communications team sheet sync interface text"
"UX/UI Global Navigation","sync_guide_step3_desc","Copy the URL from your browser address bar or click Copy link in the Share dialog, return here, paste it into the URL field, and click Save & Sync Now. The app will automatically convert and sync the text!","Communications team sheet sync interface text"
"UX/UI Global Navigation","sync_guide_step3_title","3. Paste Link in Curbside Compass:","Communications team sheet sync interface text"
"UX/UI Global Navigation","sync_guide_subtitle","Follow these 3 simple steps to let your communications team update app copy anytime:","Communications team sheet sync interface text"
"UX/UI Global Navigation","sync_guide_title","How to link Google Sheets with Curbside Compass","Communications team sheet sync interface text"
"UX/UI Global Navigation","sync_intro_default","The app is currently using the built-in copy. Paste your Google Sheet link or raw CSV to customize text.","Communications team sheet sync interface text"
"UX/UI Global Navigation","sync_last_synced","Last sync: {time}","Communications team sheet sync interface text"
"UX/UI Global Navigation","sync_loaded_items","Successfully loaded {count} text items into the application.","Communications team sheet sync interface text"
"UX/UI Global Navigation","sync_modal_close_aria","Close sync modal","Communications team sheet sync interface text"
"UX/UI Global Navigation","sync_modal_close_btn","Close","Communications team sheet sync interface text"
"UX/UI Global Navigation","sync_modal_subtitle","Update app text live from Google Sheets or CSV","Communications team sheet sync interface text"
"UX/UI Global Navigation","sync_modal_title","Live Content & Copy Sync","Communications team sheet sync interface text"
"UX/UI Global Navigation","sync_pasted_success","Successfully updated app text from pasted copy!","Communications team sheet sync interface text"
"UX/UI Global Navigation","sync_quick_tools_title","Quick Tools","Communications team sheet sync interface text"
"UX/UI Global Navigation","sync_status_active","Content Sync Active","Communications team sheet sync interface text"
"UX/UI Global Navigation","sync_status_default","Using Built-in Default Text","Communications team sheet sync interface text"
"UX/UI Global Navigation","sync_status_error","Sync Notice","Communications team sheet sync interface text"
"UX/UI Global Navigation","sync_tab_guide","Setup Instructions","Communications team sheet sync interface text"
"UX/UI Global Navigation","sync_tab_paste","Paste CSV Directly","Communications team sheet sync interface text"
"UX/UI Global Navigation","sync_tab_url","Google Sheet URL","Communications team sheet sync interface text"
"UX/UI Global Navigation","thankyou_btn_copied_clipboard","Copied to Clipboard!","Completion message, open text feedback, or close prompt"
"UX/UI Global Navigation","thankyou_btn_copy_clipboard","Copy Full Post Text to Clipboard","Completion message, open text feedback, or close prompt"
"UX/UI Global Navigation","thankyou_btn_download","Download","Completion message, open text feedback, or close prompt"
"UX/UI Global Navigation","thankyou_btn_facebook","Facebook","Completion message, open text feedback, or close prompt"
"UX/UI Global Navigation","thankyou_btn_instagram","Instagram","Completion message, open text feedback, or close prompt"
"UX/UI Global Navigation","thankyou_btn_retake","Retake Assessment","Completion message, open text feedback, or close prompt"
"UX/UI Global Navigation","thankyou_btn_save_image","Save image","Completion message, open text feedback, or close prompt"
"UX/UI Global Navigation","thankyou_btn_start_over","Start Over","Completion message, open text feedback, or close prompt"
"UX/UI Global Navigation","thankyou_btn_view_persona","View Resident Profile","Completion message, open text feedback, or close prompt"
"UX/UI Global Navigation","thankyou_btn_x","X (Twitter)","Completion message, open text feedback, or close prompt"
"UX/UI Global Navigation","thankyou_copy_helper","Copies your Curbside Compass result and the survey link to paste and share anywhere","Completion message, open text feedback, or close prompt"
"UX/UI Global Navigation","thankyou_desc","Your perspectives on neighbourhood parking provide valuable insight for the City of Edmonton. Encourage your neighbours, friends, and community members to discover their parking persona and have their say on curbside policies:","Completion message, open text feedback, or close prompt"
"UX/UI Global Navigation","thankyou_heading","Thank You for Your Feedback! Share the Curbside Compass","Completion message, open text feedback, or close prompt"
"UX/UI Global Navigation","thankyou_mode_general_sub","Encouraging post without sharing your residential profile results","Completion message, open text feedback, or close prompt"
"UX/UI Global Navigation","thankyou_mode_general_title","General Invite Only","Completion message, open text feedback, or close prompt"
"UX/UI Global Navigation","thankyou_mode_persona_title","Include ""My Residential Profile""","Completion message, open text feedback, or close prompt"
"UX/UI Global Navigation","thankyou_preview_card_title","Social Post Preview","Completion message, open text feedback, or close prompt"
"UX/UI Global Navigation","thankyou_preview_general_text","Where do you stand on Edmonton's neighbourhood parking and curbside policies? Have your say and try the Curbside Compass public engagement tool:","Completion message, open text feedback, or close prompt"
"UX/UI Global Navigation","thankyou_share_mode_label","Choose What to Share","Completion message, open text feedback, or close prompt"
"UX/UI Global Navigation","thankyou_status","Feedback Completed","Completion message, open text feedback, or close prompt"
"UX/UI Global Navigation","watch_btn_view_persona","View Your Curbside Persona","User interface copy and on-screen element"
"Simulation Visualization","drawer_back_survey_btn","Back to Exploring","Direct policy slider label, description, or reset action"
"Simulation Visualization","drawer_circling_label","Circling Traffic","Direct policy slider label, description, or reset action"
"Simulation Visualization","drawer_circling_text","Circling for Parking","Direct policy slider label, description, or reset action"
"Simulation Visualization","drawer_density_explainer","Adds up to 7 8-plex multi-units (9.5m tall × 13m wide × 30m long) replacing houses on 15.6m lots.","User interface copy and on-screen element"
"Simulation Visualization","drawer_dwellings_unit","Dwellings","Direct policy slider label, description, or reset action"
"Simulation Visualization","drawer_gauge_close_aria","Close magnified parking gauge","Direct policy slider label, description, or reset action"
"Simulation Visualization","drawer_infill_label","Home Density","Direct policy slider label, description, or reset action"
"Simulation Visualization","drawer_police_test_btn","Call EPS","Direct policy slider label, description, or reset action"
"Simulation Visualization","drawer_police_test_title","Test 20-second lane blockage: dispatches EPS police cruiser with lights & sirens to clear traffic","Direct policy slider label, description, or reset action"
"Simulation Visualization","drawer_sliders_close_label","Close manual sliders","Direct policy slider label, description, or reset action"
"Simulation Visualization","drawer_sliders_deliveries_aria","Weekly deliveries per home","Direct policy slider label, description, or reset action"
"Simulation Visualization","drawer_sliders_density_aria","Home density","Direct policy slider label, description, or reset action"
"Simulation Visualization","drawer_sliders_stalls_unit","{count} stalls","Direct policy slider label, description, or reset action"
"Simulation Visualization","drawer_sliders_subtitle","Live simulation controls & density factors","Direct policy slider label, description, or reset action"
"Simulation Visualization","drawer_sliders_title","Adjust the Neighbourhood","Direct policy slider label, description, or reset action"
"Simulation Visualization","drawer_sliders_typology_label","Street Layout Typology:","Direct policy slider label, description, or reset action"
"Simulation Visualization","drawer_sliders_veh_per_home_aria","Average vehicles per home","Direct policy slider label, description, or reset action"
"Simulation Visualization","drawer_sliders_visitor_passes_aria","Visitor passes per home","Direct policy slider label, description, or reset action"
"Simulation Visualization","drawer_smooth_flow","Smooth Flow","Direct policy slider label, description, or reset action"
"Simulation Visualization","drawer_view_gauge_btn","View Gauge","Direct policy slider label, description, or reset action"
"Simulation Visualization","OCCUPIED","OCCUPIED","Curbside animation, parking lane, or traffic notice"
"Simulation Visualization","sim_audio_enable_title","Enable City Traffic Ambience (5%) & SFX (15%)","Curbside animation, parking lane, or traffic notice"
"Simulation Visualization","sim_audio_mute_title","Mute Simulation & City Traffic Noise","Curbside animation, parking lane, or traffic notice"
"Simulation Visualization","sim_btn_controls","Controls","Curbside animation, parking lane, or traffic notice"
"Simulation Visualization","sim_bubble_parallel_park","Reverse parallel parking...","Curbside animation, parking lane, or traffic notice"
"Simulation Visualization","sim_bubble_parked","Parked!","Curbside animation, parking lane, or traffic notice"
"Simulation Visualization","sim_bubble_reverse_tight","Reversing into tight spot...","Curbside animation, parking lane, or traffic notice"
"Simulation Visualization","sim_bubble_spot_fits","Spot fits (150%+) - Parking","Curbside animation, parking lane, or traffic notice"
"Simulation Visualization","sim_bubble_spot_tight_try","Spot 80% size - Trying to park","Curbside animation, parking lane, or traffic notice"
"Simulation Visualization","sim_bubble_too_tight","Too tight (80%)! Giving up","Curbside animation, parking lane, or traffic notice"
"Simulation Visualization","sim_canvas_aria","Live 2.5D Isometric Neighborhood Simulation showing residential parking, driveways, and road traffic based on the active policy settings.","Curbside animation, parking lane, or traffic notice"
"Simulation Visualization","sim_canvas_title","Live Edmonton Multimodal Neighborhood Simulation - Click vehicles to honk","Curbside animation, parking lane, or traffic notice"
"Simulation Visualization","sim_canvas_unsupported","Your browser does not support the canvas element needed to render the neighborhood simulation.","Curbside animation, parking lane, or traffic notice"
"Simulation Visualization","sim_car_unit_singular","car","Curbside animation, parking lane, or traffic notice"
"Simulation Visualization","sim_cars_home_label","Average Vehicles Per Home","Curbside animation, parking lane, or traffic notice"
"Simulation Visualization","sim_cars_unit","Cars","Curbside animation, parking lane, or traffic notice"
"Simulation Visualization","sim_cars_unit_lowercase","cars","Curbside animation, parking lane, or traffic notice"
"Simulation Visualization","sim_controls_btn","Controls","Curbside animation, parking lane, or traffic notice"
"Simulation Visualization","sim_controls_title","Toggle Manual Simulation Sliders","Curbside animation, parking lane, or traffic notice"
"Simulation Visualization","sim_curb_gauge_title","Curbside Parking Gauge: Click to view magnified gauge analysis","Curbside animation, parking lane, or traffic notice"
"Simulation Visualization","sim_curb_label","Curb","Curbside animation, parking lane, or traffic notice"
"Simulation Visualization","sim_curb_open_title","Curbside parking open - through traffic flowing smoothly","Curbside animation, parking lane, or traffic notice"
"Simulation Visualization","sim_deliveries_label","Weekly Deliveries","Curbside animation, parking lane, or traffic notice"
"Simulation Visualization","sim_density_explainer","Each infill adds multi-unit housing (8 dwellings per 15.6m lot).","User interface copy and on-screen element"
"Simulation Visualization","sim_drawer_title","Manual Sliders","Curbside animation, parking lane, or traffic notice"
"Simulation Visualization","sim_driveway_spots_label","Driveway Spots","Curbside animation, parking lane, or traffic notice"
"Simulation Visualization","sim_eps_desc","Traffic congestion detected >20s • Cruiser clearing lane","Curbside animation, parking lane, or traffic notice"
"Simulation Visualization","sim_eps_title","🚨 EPS TRAFFIC INVESTIGATION","Curbside animation, parking lane, or traffic notice"
"Simulation Visualization","sim_fire_extinguish","Extinguish","Curbside animation, parking lane, or traffic notice"
"Simulation Visualization","sim_fire_ignite","Road Fire","Curbside animation, parking lane, or traffic notice"
"Simulation Visualization","sim_garage_use_label","Garage Use","User interface copy and on-screen element"
"Simulation Visualization","sim_garages_aria","Rear Garages Status: {count} of 12 occupied. Click to toggle garage badges.","Curbside animation, parking lane, or traffic notice"
"Simulation Visualization","sim_garages_tooltip","Detached Laned Garages: Real-time off-street vehicle parking across all 12 properties (Click to toggle garage roof indicators)","Curbside animation, parking lane, or traffic notice"
"Simulation Visualization","sim_gauge_curbside","Curbside","Curbside animation, parking lane, or traffic notice"
"Simulation Visualization","sim_rear_garages_label","REAR GARAGES","Curbside animation, parking lane, or traffic notice"
"Simulation Visualization","sim_reshuffle","Reshuffle","Curbside animation, parking lane, or traffic notice"
"Simulation Visualization","sim_reshuffle_title","Randomize Parking Distribution","Curbside animation, parking lane, or traffic notice"
"Simulation Visualization","sim_simplified_title","Switch to Simplified Static View (Low Motion)","Curbside animation, parking lane, or traffic notice"
"Simulation Visualization","sim_traffic_open","Open","Curbside animation, parking lane, or traffic notice"
"Simulation Visualization","sim_vacant_label","Vacant","Curbside animation, parking lane, or traffic notice"
"Simulation Visualization","sim_visitor_passes_label","Visitor Passes","Curbside animation, parking lane, or traffic notice"
"Simulation Visualization","sim_zoom_in","Zoom In","Curbside animation, parking lane, or traffic notice"
"Simulation Visualization","sim_zoom_out","Zoom Out","Curbside animation, parking lane, or traffic notice"
"Simulation Visualization","sim_zoom_reset","Reset Camera View (Default 1.33x)","Curbside animation, parking lane, or traffic notice"
"Simulation Visualization","VACANT","VACANT","Curbside animation, parking lane, or traffic notice"
"Simulation Visualization","watch_btn_back","Back","Curbside animation, parking lane, or traffic notice"
"Simulation Visualization","watch_btn_results","See Final Results","Curbside animation, parking lane, or traffic notice"
"Simulation Visualization","watch_desc","Based on your policy choices, the neighborhood parking demand has been set. Observe the simulation to see if your policies lead to harmony or chaos!","Curbside animation, parking lane, or traffic notice"
"Simulation Visualization","watch_title","Watch the Street!","Curbside animation, parking lane, or traffic notice"
"Curbside Parking Demand Gauge","gauge_active_demand_label","Active Demand","Live score explanation, tradeoff impact tag, or zone badge"
"Curbside Parking Demand Gauge","gauge_adjust_sliders_btn","Adjust Sliders","Live score explanation, tradeoff impact tag, or zone badge"
"Curbside Parking Demand Gauge","gauge_back_survey_btn","Back to Exploring","Live score explanation, tradeoff impact tag, or zone badge"
"Curbside Parking Demand Gauge","gauge_circling_cars_label","Circling Cars","Live score explanation, tradeoff impact tag, or zone badge"
"Curbside Parking Demand Gauge","gauge_cruising_label","Cruising","Live score explanation, tradeoff impact tag, or zone badge"
"Curbside Parking Demand Gauge","gauge_curb_availability_label","Curb Availability","Live score explanation, tradeoff impact tag, or zone badge"
"Curbside Parking Demand Gauge","gauge_deficit_prefix","Deficit:","Live score explanation, tradeoff impact tag, or zone badge"
"Curbside Parking Demand Gauge","gauge_deficit_suffix","Cars","Live score explanation, tradeoff impact tag, or zone badge"
"Curbside Parking Demand Gauge","gauge_drawer_subtitle","Live street utilization & capacity analysis","Live score explanation, tradeoff impact tag, or zone badge"
"Curbside Parking Demand Gauge","gauge_drawer_title","Curbside Parking Demand Gauge","Live score explanation, tradeoff impact tag, or zone badge"
"Curbside Parking Demand Gauge","gauge_dwellings_label","Dwellings","Live score explanation, tradeoff impact tag, or zone badge"
"Curbside Parking Demand Gauge","gauge_homes_block_label","Homes on Block","Live score explanation, tradeoff impact tag, or zone badge"
"Curbside Parking Demand Gauge","gauge_insight_critical_desc","Vehicle demand exceeds legal spaces. Circling traffic causes blockages and emissions.","Live score explanation, tradeoff impact tag, or zone badge"
"Curbside Parking Demand Gauge","gauge_insight_critical_title","Severe Curb Deficit:","Live score explanation, tradeoff impact tag, or zone badge"
"Curbside Parking Demand Gauge","gauge_insight_healthy_desc","Space is available. Residents, visitors, and deliveries park easily without cruising.","Live score explanation, tradeoff impact tag, or zone badge"
"Curbside Parking Demand Gauge","gauge_insight_healthy_title","Curbside Balanced:","Live score explanation, tradeoff impact tag, or zone badge"
"Curbside Parking Demand Gauge","gauge_insight_strained_desc","Curb reaches ~85% occupancy. Minor cruising occurs during peak demand periods.","Live score explanation, tradeoff impact tag, or zone badge"
"Curbside Parking Demand Gauge","gauge_insight_strained_title","Approaching Capacity:","Live score explanation, tradeoff impact tag, or zone badge"
"Curbside Parking Demand Gauge","gauge_occupied_of","of","Live score explanation, tradeoff impact tag, or zone badge"
"Curbside Parking Demand Gauge","gauge_occupied_suffix","Legal Curbside Stalls Occupied","Live score explanation, tradeoff impact tag, or zone badge"
"Curbside Parking Demand Gauge","gauge_res_abbr","Res","Live score explanation, tradeoff impact tag, or zone badge"
"Curbside Parking Demand Gauge","gauge_smooth_label","0 (Smooth)","Live score explanation, tradeoff impact tag, or zone badge"
"Curbside Parking Demand Gauge","gauge_stalls_free","Stalls Free","Live score explanation, tradeoff impact tag, or zone badge"
"Curbside Parking Demand Gauge","gauge_status_critical","Critical Overload","Live score explanation, tradeoff impact tag, or zone badge"
"Curbside Parking Demand Gauge","gauge_status_healthy","Space Available","Live score explanation, tradeoff impact tag, or zone badge"
"Curbside Parking Demand Gauge","gauge_status_strained","High Utilization","Live score explanation, tradeoff impact tag, or zone badge"
"Curbside Parking Demand Gauge","gauge_vis_abbr","Vis","Live score explanation, tradeoff impact tag, or zone badge"
"Curbside Street Stalls Overview","static_acc_assumptions_btn","Open Manual Sliders Panel","Street typology description, lane legend, or safety callout"
"Curbside Street Stalls Overview","static_acc_assumptions_desc","Manually adjust dwellings, household cars per home, and delivery frequency.","Street typology description, lane legend, or safety callout"
"Curbside Street Stalls Overview","static_acc_assumptions_title","Customize Street Assumptions","Street typology description, lane legend, or safety callout"
"Curbside Street Stalls Overview","static_acc_cars_label","Household Cars","Street typology description, lane legend, or safety callout"
"Curbside Street Stalls Overview","static_acc_cars_suffix","total cars","Street typology description, lane legend, or safety callout"
"Curbside Street Stalls Overview","static_acc_deliveries_label","Weekly Deliveries","Street typology description, lane legend, or safety callout"
"Curbside Street Stalls Overview","static_acc_deliveries_suffix","courier visits","Street typology description, lane legend, or safety callout"
"Curbside Street Stalls Overview","static_acc_garages_label","Rear Garages","Street typology description, lane legend, or safety callout"
"Curbside Street Stalls Overview","static_acc_garages_occupied","occupied","Street typology description, lane legend, or safety callout"
"Curbside Street Stalls Overview","static_acc_garages_vacant","vacant","Street typology description, lane legend, or safety callout"
"Curbside Street Stalls Overview","static_acc_offstreet_garages_full","Garages Full","Street typology description, lane legend, or safety callout"
"Curbside Street Stalls Overview","static_acc_offstreet_title","Private & Off-Street Parking","Street typology description, lane legend, or safety callout"
"Curbside Street Stalls Overview","static_acc_visitors_label","Visitor Cars","Street typology description, lane legend, or safety callout"
"Curbside Street Stalls Overview","static_acc_visitors_suffix","vehicles","Street typology description, lane legend, or safety callout"
"Curbside Street Stalls Overview","static_btn_customize_livesim_title","Switch directly to live simulation and customize street assumptions","Street typology description, lane legend, or safety callout"
"Curbside Street Stalls Overview","static_btn_switch_livesim","Switch to Live Simulation","Street typology description, lane legend, or safety callout"
"Curbside Street Stalls Overview","static_btn_switch_livesim_title","Switch directly to the live 2.5D street simulation","Street typology description, lane legend, or safety callout"
"Curbside Street Stalls Overview","static_circling_active","circling looking for parking","Street typology description, lane legend, or safety callout"
"Curbside Street Stalls Overview","static_circling_none","0 vehicles circling (street traffic flowing freely)","Street typology description, lane legend, or safety callout"
"Curbside Street Stalls Overview","static_circling_plural","vehicles","Street typology description, lane legend, or safety callout"
"Curbside Street Stalls Overview","static_circling_single","vehicle","Street typology description, lane legend, or safety callout"
"Curbside Street Stalls Overview","static_header_block_badge","12-Home Block","Street typology description, lane legend, or safety callout"
"Curbside Street Stalls Overview","static_header_live_sim_btn","Live Simulation","Street typology description, lane legend, or safety callout"
"Curbside Street Stalls Overview","static_header_live_sim_title","Switch to animated 2.5D simulation","Street typology description, lane legend, or safety callout"
"Curbside Street Stalls Overview","static_header_title","Curbside Street Stalls Overview","Street typology description, lane legend, or safety callout"
"Curbside Street Stalls Overview","static_slider_aria_label","Curbside parking occupancy slider","Street typology description, lane legend, or safety callout"
"Curbside Street Stalls Overview","static_slider_cap_unit","capacity","Street typology description, lane legend, or safety callout"
"Curbside Street Stalls Overview","static_slider_cars_unit","cars","Street typology description, lane legend, or safety callout"
"Curbside Street Stalls Overview","static_slider_label","Curbside Occupancy Slider:","Street typology description, lane legend, or safety callout"
"Curbside Street Stalls Overview","static_stalls_occupied_of","of","Street typology description, lane legend, or safety callout"
"Curbside Street Stalls Overview","static_stalls_occupied_suffix","stalls occupied","Street typology description, lane legend, or safety callout"
"Curbside Street Stalls Overview","static_status_balanced_desc","Optimal street parking with open spots for visitors and delivery vans.","Street typology description, lane legend, or safety callout"
"Curbside Street Stalls Overview","static_status_balanced_label","BALANCED AVAILABILITY","Street typology description, lane legend, or safety callout"
"Curbside Street Stalls Overview","static_status_near_capacity_desc","Curbside nearly full. Limited turnover for visitors and couriers.","Street typology description, lane legend, or safety callout"
"Curbside Street Stalls Overview","static_status_near_capacity_label","NEAR CAPACITY","Street typology description, lane legend, or safety callout"
"Curbside Street Stalls Overview","static_status_overcrowded_desc","Demand exceeds legal curbside capacity. Vehicles circle for spots.","Street typology description, lane legend, or safety callout"
"Curbside Street Stalls Overview","static_status_overcrowded_label","OVERCROWDED","Street typology description, lane legend, or safety callout"
"Curbside Street Stalls Overview","static_summary_open_suffix","curbside spot(s) currently open.","Street typology description, lane legend, or safety callout"
"Curbside Street Stalls Overview","static_summary_over_suffix","vehicle(s) over physical stall capacity.","Street typology description, lane legend, or safety callout"
"Curbside Street Stalls Overview","static_summary_prefix","Summary: ","Street typology description, lane legend, or safety callout"
"Curbside Street Stalls Overview","static_tick_0","0 Stalls","Street typology description, lane legend, or safety callout"
"Curbside Street Stalls Overview","static_tick_ideal","Ideal (85% Target)","Street typology description, lane legend, or safety callout"
"Curbside Street Stalls Overview","static_tick_max","16 Max Stalls","Street typology description, lane legend, or safety callout"
"Curbside Street Stalls Overview","static_tick_overload","24 Overload","Street typology description, lane legend, or safety callout"
"Curbside Street Stalls Overview","static_tradeoff_prefix","Trade-off: ","Street typology description, lane legend, or safety callout"
"Curbside Street Stalls Overview","static_tradeoff_title","Answer Choice Impact & Trade-Off","Street typology description, lane legend, or safety callout"
"Curbside Street Stalls Overview","static_tradeoff_unanswered_prompt","Select an option on Question 1 to calculate its live impact on curbside stalls and street trade-offs.","Street typology description, lane legend, or safety callout"
"How It Works","header_how_it_works","How It Works","Header navigation item or branding badge"
"How It Works","intro_btn_back","Back","Onboarding walkthrough card, title, bullet, or button"
"How It Works","intro_btn_close_aria","Close guide","Onboarding walkthrough card, title, bullet, or button"
"How It Works","intro_btn_close_title","Close guide","Onboarding walkthrough card, title, bullet, or button"
"How It Works","intro_btn_next","Next Step","Onboarding walkthrough card, title, bullet, or button"
"How It Works","intro_btn_skip","Skip Intro","Onboarding walkthrough card, title, bullet, or button"
"How It Works","intro_btn_skip_aria","Skip introduction and start survey","Onboarding walkthrough card, title, bullet, or button"
"How It Works","intro_btn_skip_title","Skip this guide and start the survey right now","Onboarding walkthrough card, title, bullet, or button"
"How It Works","intro_btn_start","Start Exploring","Onboarding walkthrough card, title, bullet, or button"
"How It Works","intro_header_subtitle","City of Edmonton Guide","Onboarding walkthrough card, title, bullet, or button"
"How It Works","intro_header_title","Curbside Compass","Onboarding walkthrough card, title, bullet, or button"
"How It Works","intro_s1_body1","Help Edmonton plan street parking for your neighbourhood.","Onboarding walkthrough card, title, bullet, or button"
"How It Works","intro_s1_body2","There are no wrong answers. It takes just 3 to 5 minutes!","Onboarding walkthrough card, title, bullet, or button"
"How It Works","intro_s1_privacy","Your answers are 100% private and protected.","Onboarding walkthrough card, title, bullet, or button"
"How It Works","intro_s1_subtitle","A City of Edmonton Public Survey","Onboarding walkthrough card, title, bullet, or button"
"How It Works","intro_s1_title","Welcome to Curbside Compass!","Onboarding walkthrough card, title, bullet, or button"
"How It Works","intro_s2_curb_desc","Residents, visitors, and delivery vans share street spots.","Onboarding walkthrough card, title, bullet, or button"
"How It Works","intro_s2_curb_title","2. Curb Spots:","Onboarding walkthrough card, title, bullet, or button"
"How It Works","intro_s2_private_desc","Some homes have parking in a garage, driveway or parking lot. Others have limited or no private parking.","Step 1 private parking description"
"How It Works","intro_s2_private_title","Private Parking","Step 1 private parking card title"
"How It Works","intro_s2_street_desc","Residents, visitors and service providers share the available street parking.","Step 1 street parking description"
"How It Works","intro_s2_street_title","Street Parking","Step 1 street parking card title"
"How It Works","intro_s2_subtitle","Each street has a different combination of:","Step 1 modal card subheading"
"How It Works","intro_s2_title","Select the type of street you would like to explore.","Step 1 modal card heading"
"How It Works","intro_s3_body1","Every time you answer a question, the street picture updates right away.","Onboarding walkthrough card, title, bullet, or button"
"How It Works","intro_s3_body2","You can see if parking spots open up, or if cars start circling.","Onboarding walkthrough card, title, bullet, or button"
"How It Works","intro_s3_summary","This helps you see how each parking rule affects your neighbourhood street.","Onboarding walkthrough card, title, bullet, or button"
"How It Works","intro_s3_title","See What Happens Live","Onboarding walkthrough card, title, bullet, or button"
"How It Works","intro_s4_badge_selected","Selected ✓","Onboarding walkthrough card, title, bullet, or button"
"How It Works","intro_s4_opt1_desc","Watch cars and delivery vans drive on the street.","Onboarding walkthrough card, title, bullet, or button"
"How It Works","intro_s4_opt1_title","Moving Street Picture","Onboarding walkthrough card, title, bullet, or button"
"How It Works","intro_s4_opt2_desc","A calm screen with clear numbers and no moving cars.","Onboarding walkthrough card, title, bullet, or button"
"How It Works","intro_s4_opt2_title","Still Picture (No Motion)","Onboarding walkthrough card, title, bullet, or button"
"How It Works","intro_s4_subtitle","Pick the view you like best:","Onboarding walkthrough card, title, bullet, or button"
"How It Works","intro_s4_switch_note","You can switch views anytime during the survey!","Onboarding walkthrough card, title, bullet, or button"
"How It Works","intro_s4_title","Choose Your Street Picture","Onboarding walkthrough card, title, bullet, or button"
"How It Works","intro_s5_point1","Answer 6 quick questions about parking rules.","Onboarding walkthrough card, title, bullet, or button"
"How It Works","intro_s5_point2","Go at your own speed. There is no rush.","Onboarding walkthrough card, title, bullet, or button"
"How It Works","intro_s5_point3","Click ""How It Works"" at the top if you need this guide again.","Onboarding walkthrough card, title, bullet, or button"
"How It Works","intro_s5_subtitle","Just 3 things to remember:","Onboarding walkthrough card, title, bullet, or button"
"How It Works","intro_s5_thankyou","Thank you for helping plan Edmonton's neighbourhood streets!","Onboarding walkthrough card, title, bullet, or button"
"How It Works","intro_s5_title","You Are Ready to Begin!","Onboarding walkthrough card, title, bullet, or button"
"How It Works","intro_screen_counter_label","Screen","Onboarding walkthrough card, title, bullet, or button"
"How It Works","intro_screen_counter_of","of","Onboarding walkthrough card, title, bullet, or button"
"How It Works","intro_step_1_aria","Go to Introduction","User interface copy and on-screen element"
"How It Works","intro_step_1_label","Introduction","User interface copy and on-screen element"
"How It Works","intro_step_label","Step","Onboarding walkthrough card, title, bullet, or button"
"How It Works","modal_close_button","Done","Onboarding walkthrough card, title, bullet, or button"
"Questions Number","q0_category","Location & Street Typology","User interface copy and on-screen element"
"Questions Number","q0_helper","Choose one of the four neighbourhoods to calibrate live curbside parking stalls in your simulation and adjust home density to increase new infill:","User interface copy and on-screen element"
"Questions Number","q0_helper_short","Search your neighbourhood or enter a postal code to match your street:","Survey policy tradeoff content"
"Questions Number","q0_hint_a","Identifies your neighbourhood street typology (Mature Laned, Infill & Duplex, Suburban Front Driveway, or Modern Townhome) to calibrate live curbside stall capacity.","Option policy consequence tooltip / hint"
"Questions Number","q0_hint_b","Skips location detection and loads Edmonton standard Mature Laned benchmark street.","Option policy consequence tooltip / hint"
"Questions Number","q0_option_a","Enter Postal Code (e.g. T5J 2R7), Neighbourhood, or Street Address","Survey Choice A"
"Questions Number","q0_option_b","Prefer not to share location (Opt Out)","Survey Choice B"
"Questions Number","q0_placeholder","Postal code (e.g. T5J 2R7) or neighbourhood...","Survey policy tradeoff content"
"Questions Number","q0_progress_title","STREET STYLE","User interface copy and on-screen element"
"Questions Number","q0_question","Choose your model neighbourhood.","Primary survey question prompt"
"Questions Number","q0_step1_progress_title","Step 1 of 2: Find Street","Survey policy tradeoff content"
"Questions Number","q0_step2_progress_title","Step 2 of 2: Confirm Layout","Survey policy tradeoff content"
"Questions Number","q0_title_step1","Find your Edmonton street layout","Survey policy tradeoff content"
"Questions Number","q0_title_step2","Confirm your street layout","Survey policy tradeoff content"
"Questions Number","q1_category","Residential Parking Permit Program Funding","Survey policy tradeoff content"
"Questions Number","q1_hint_a","Drivers who park on the street pay permit fees. This covers program costs and encourages people with driveways to park off the street.","Survey policy tradeoff content"
"Questions Number","q1_hint_b","Because street parking is free, more vehicles park on the street.","Survey policy tradeoff content"
"Questions Number","q1_option_a","People who use parking through pay-per-use fees and parking permits.","Survey policy tradeoff content"
"Questions Number","q1_option_b","All residents through property taxes","Survey policy tradeoff content"
"Questions Number","q1_progress_title","Question 1 of 6","Survey policy tradeoff content"
"Questions Number","q1_question","Residential parking programs cost money to operate. Who should pay for them?","Survey policy tradeoff content"
"Questions Number","q2_category","Parking Proximity to Home","Survey policy tradeoff content"
"Questions Number","q2_hint_a","Limits acceptable parking to your immediate block to keep vehicles within a short walking distance.","Survey policy tradeoff content"
"Questions Number","q2_hint_b","Increases available parking options by extending acceptable parking distance into the wider neighbourhood.","Survey policy tradeoff content"
"Questions Number","q2_option_a","On my block","Survey policy tradeoff content"
"Questions Number","q2_option_b","Within two or three blocks","Survey policy tradeoff content"
"Questions Number","q2_progress_title","Question 2 of 6","Survey policy tradeoff content"
"Questions Number","q2_question","When parking on the street near your home, what would you consider reasonably close?","Survey policy tradeoff content"
"Questions Number","q3_category","Residential Parking Permit Limit","Survey policy tradeoff content"
"Questions Number","q3_hint_a","Homes can only get permits for up to two street-parked cars. Extra vehicles must park in private driveways or garages.","Survey policy tradeoff content"
"Questions Number","q3_hint_b","Homes can get permits for 3 or more vehicles, so more cars end up parked along the curb.","Survey policy tradeoff content"
"Questions Number","q3_option_a","Yes","Survey policy tradeoff content"
"Questions Number","q3_option_b","No","Survey policy tradeoff content"
"Questions Number","q3_progress_title","Question 3 of 6","Survey policy tradeoff content"
"Questions Number","q3_question","In neighbourhoods where street parking is in high demand, should there be a limit on parking permits per household?","Survey policy tradeoff content"
"Questions Number","q4_category","Visitor Access","Survey policy tradeoff content"
"Questions Number","q4_hint_a","Allows visitors, family, and service providers equal access to park near the home they are visiting.","Survey policy tradeoff content"
"Questions Number","q4_hint_b","Prioritizes street parking for residents, reducing competition from visitor and service vehicles.","Survey policy tradeoff content"
"Questions Number","q4_option_a","Yes","Survey policy tradeoff content"
"Questions Number","q4_option_b","No","Survey policy tradeoff content"
"Questions Number","q4_progress_title","Question 4 of 6","Survey policy tradeoff content"
"Questions Number","q4_question","When street parking is in high demand, should visitors and service providers (e.g., cleaners and contractors) have the same opportunity as residents to park on the block they are visiting?","Survey policy tradeoff content"
"Questions Number","q5_category","Parking Proximity to Destination","Survey policy tradeoff content"
"Questions Number","q5_hint_a","Expands parking choices on nearby residential streets for patients, students, and event attendees.","Survey policy tradeoff content"
"Questions Number","q5_hint_b","Protects nearby residential street parking for residents and guests near major destinations.","Survey policy tradeoff content"
"Questions Number","q5_option_a","Yes","Survey policy tradeoff content"
"Questions Number","q5_option_b","No","Survey policy tradeoff content"
"Questions Number","q5_progress_title","Question 5 of 6","Survey policy tradeoff content"
"Questions Number","q5_question","When people visit hospitals, post-secondary institutions and event venues, should they be able to use nearby residential streets for parking (within a few blocks)?","Survey policy tradeoff content"
"Questions Number","q6_category","Residential Parking Permit Eligibility","Survey policy tradeoff content"
"Questions Number","q6_hint_a","Prioritizes street parking permits for households with fewer off-street parking alternatives.","Survey policy tradeoff content"
"Questions Number","q6_hint_b","Ensures equal permit eligibility for all households regardless of their private parking arrangements.","Survey policy tradeoff content"
"Questions Number","q6_option_a","Yes households with no private parking should get priority for permits","Survey policy tradeoff content"
"Questions Number","q6_option_b","No, households should have the same eligibility, whether or not they have private parking.","Survey policy tradeoff content"
"Questions Number","q6_progress_title","Question 6 of 6","Survey policy tradeoff content"
"Questions Number","q6_question","Should access to private parking affect who can get a permit? Consider all households, including those in houses, townhomes and apartments. Private parking means a driveway, garage or other off-street parking space.","Survey policy tradeoff content"
"Questions Number","q7_category","Residential Policy","Survey policy tradeoff content"
"Questions Number","q7_helper","Search your neighbourhood or enter a postal code to record your location:","User interface copy and on-screen element"
"Questions Number","q7_hint_a","Since no fee is charged, more vehicles park on the street.","Survey policy tradeoff content"
"Questions Number","q7_hint_b","Since no fee is charged, more vehicles park on the street.","Survey policy tradeoff content"
"Questions Number","q7_option_a","Conduct strict eligibility and digital pass checks, plus regular enforcement.","Survey policy tradeoff content"
"Questions Number","q7_option_b","No active enforcement, relying on public courtesy to obey zone signage.","Survey policy tradeoff content"
"Questions Number","q7_placeholder","Postal code (e.g. T5J 2R7) or neighbourhood...","User interface copy and on-screen element"
"Questions Number","q7_progress_title","QUESTION 7 OF 9","Survey policy tradeoff content"
"Questions Number","q7_question","How would you manage accessible parking zones during events?","Survey policy tradeoff content"
"Questions Number","q8_category","Residential Policy","Survey policy tradeoff content"
"Questions Number","q8_hint_a","Since a fee is charged, fewer vehicles park on the street and more park in driveways.","Survey policy tradeoff content"
"Questions Number","q8_hint_b","Without a fee, more vehicles park on the street. If a fee is charged, fewer vehicles park on the street and more residents park in their driveways.","Survey policy tradeoff content"
"Questions Number","q8_option_a","Allow neighbourhoods to opt into fee-based parking solutions.","Survey policy tradeoff content"
"Questions Number","q8_option_b","Apply one city-wide set of rules.","Survey policy tradeoff content"
"Questions Number","q8_progress_title","QUESTION 8 OF 9","Survey policy tradeoff content"
"Questions Number","q8_question","How should parking rules respond to the individual needs of each neighbourhood?","Survey policy tradeoff content"
"Questions Number","q9_category","Neighbourhood Location","Survey policy tradeoff content"
"Questions Number","q9_error_alphanumeric","Postal code must contain only letters and numbers.","Survey policy tradeoff content"
"Questions Number","q9_error_length","Postal code must be 6 or 7 alphanumeric characters (currently [N]).","Survey policy tradeoff content"
"Questions Number","q9_error_required","Please enter your full postal code to continue.","Survey policy tradeoff content"
"Questions Number","q9_helper_text","Please enter a 6 or 7 character alphanumeric postal code (e.g., T5J 2R7 or T5J2R7).","Survey policy tradeoff content"
"Questions Number","q9_input_placeholder","e.g. T5J 2R7","Survey policy tradeoff content"
"Questions Number","q9_opt_out_label","I prefer not to provide my postal code","Survey policy tradeoff content"
"Questions Number","q9_progress_title","QUESTION 9 OF 9","Survey policy tradeoff content"
"Questions Number","q9_question","Please enter your full postal code.","Survey policy tradeoff content"
"Questions Number","survey_back_button","← Back","Location privacy disclaimer or postal code guidance"
"Questions Number","survey_change_layout_btn","Change ▾","Location privacy disclaimer or postal code guidance"
"Questions Number","survey_clear_location_aria","Clear location search","Location privacy disclaimer or postal code guidance"
"Questions Number","survey_detected_for","Detected for {area}: Tap to change","Location privacy disclaimer or postal code guidance"
"Questions Number","survey_location_input_aria","Edmonton postal code or neighbourhood","Location privacy disclaimer or postal code guidance"
"Questions Number","survey_on_street_stalls","{count} on-street stalls","Location privacy disclaimer or postal code guidance"
"Questions Number","survey_postal_codes_anonymized","Postal codes anonymized","Location privacy disclaimer or postal code guidance"
"Questions Number","survey_prefer_not_to_share","Prefer not to share location","Location privacy disclaimer or postal code guidance"
"Questions Number","survey_quick_match","Quick Match:","Location privacy disclaimer or postal code guidance"
"Questions Number","survey_select_street_style","Select your neighbourhood street style:","Location privacy disclaimer or postal code guidance"
"Questions Number","survey_stalls_unit","{count} Stalls","Location privacy disclaimer or postal code guidance"
"For Your Choice","q0_cost_a","Requires entering postal code or address (protected under Section 4(c) of POPA).","Choice trade-off cost statement"
"For Your Choice","q0_cost_b","Simulation uses the city-wide benchmark rather than your specific neighbourhood street layout.","Choice trade-off cost statement"
"For Your Choice","q0_gain_a","Customizes the visual street simulation to match the exact parking dynamics of your neighbourhood (garage lanes, curb cuts, density).","Choice trade-off benefit statement"
"For Your Choice","q0_gain_b","100% anonymous survey participation without disclosing any geographical or postal information.","Choice trade-off benefit statement"
"For Your Choice","q0_impact_a","Calibrates street capacity (10 to 16 stalls)","Stall delta and occupancy impact summary"
"For Your Choice","q0_impact_b","Standard 16 stalls benchmark","Stall delta and occupancy impact summary"
"For Your Choice","q0_rationale_a","Customizes visual street simulations to match the exact parking dynamics of the respondent's neighbourhood","Policy balance rationale"
"For Your Choice","q0_rationale_b","Enables anonymous survey participation without disclosing geographical or postal information","Policy balance rationale"
"For Your Choice","q1_cost_a","Residents must pay for permits to park on the street.","Choice trade-off cost statement"
"For Your Choice","q1_cost_b","Costs are covered by all residents through property taxes, including by people who do not use the program.","Choice trade-off cost statement"
"For Your Choice","q1_gain_a","Costs are covered by people using the program, rather than through property taxes.","Choice trade-off benefit statement"
"For Your Choice","q1_gain_b","People can use the program without paying separate parking fees, reducing the cost of access.","Choice trade-off benefit statement"
"For Your Choice","q1_impact_a","-1.5 stalls (-10%)","Stall delta and occupancy impact summary"
"For Your Choice","q1_impact_b","+1.5 stalls (+10%)","Stall delta and occupancy impact summary"
"For Your Choice","q1_rationale_a","Ensures program operating costs are paid directly by users rather than through property taxes","Policy balance rationale"
"For Your Choice","q1_rationale_b","Reduces direct costs to users by funding the program through property taxes instead of separate fees","Policy balance rationale"
"For Your Choice","q2_cost_a","Households with more vehicles than permits would need other parking arrangements, which may be difficult if they have limited or no private parking","Choice trade-off cost statement"
"For Your Choice","q2_cost_b","More vehicles may compete for the same spaces, making parking near home harder to find.","Choice trade-off cost statement"
"For Your Choice","q2_gain_a","Limiting permits can reduce competition for street parking, improving availability for other residents and visitors.","Choice trade-off benefit statement"
"For Your Choice","q2_gain_b","Households can obtain permits for all eligible vehicles, accommodating households with multiple drivers.","Choice trade-off benefit statement"
"For Your Choice","q2_impact_a","-2.0 stalls (-13%)","Stall delta and occupancy impact summary"
"For Your Choice","q2_impact_b","+2.0 stalls (+13%)","Stall delta and occupancy impact summary"
"For Your Choice","q2_rationale_a","Reduces competition for street parking to improve availability for other residents and visitors","Policy balance rationale"
"For Your Choice","q2_rationale_b","Accommodates households with multiple drivers by allowing permits for all eligible vehicles","Policy balance rationale"
"For Your Choice","q3_cost_a","Residents face more competition for those spaces and may need to park farther from home.","Choice trade-off cost statement"
"For Your Choice","q3_cost_b","Visitors and service providers may need to park farther away, making visits less convenient.","Choice trade-off cost statement"
"For Your Choice","q3_gain_a","Family, friends and people providing services can use available spaces close to the home they’re visiting.","Choice trade-off benefit statement"
"For Your Choice","q3_gain_b","Residents have priority for nearby spaces, reducing competition from visitor vehicles.","Choice trade-off benefit statement"
"For Your Choice","q3_impact_a","-2.0 stalls (-13%)","Stall delta and occupancy impact summary"
"For Your Choice","q3_impact_b","+2.0 stalls (+13%)","Stall delta and occupancy impact summary"
"For Your Choice","q3_rationale_a","Allows family, friends, and service providers to park conveniently close to the homes they visit","Policy balance rationale"
"For Your Choice","q3_rationale_b","Prioritizes residents for nearby spaces by reducing competition from visitor vehicles","Policy balance rationale"
"For Your Choice","q4_cost_a","Residents and their guests may face more competition for spaces and need to park farther away.","Choice trade-off cost statement"
"For Your Choice","q4_cost_b","People visiting nearby destinations have fewer street parking options and may need to park farther away, or use other parking facilities","Choice trade-off cost statement"
"For Your Choice","q4_gain_a","Patients, visitors, students and event attendees have more parking options within a few blocks of their destination.","Choice trade-off benefit statement"
"For Your Choice","q4_gain_b","Residents and their guests face less competition for nearby spaces from people visiting these destinations.","Choice trade-off benefit statement"
"For Your Choice","q4_impact_a","-2.5 stalls (-16%)","Stall delta and occupancy impact summary"
"For Your Choice","q4_impact_b","+2.5 stalls (+16%)","Stall delta and occupancy impact summary"
"For Your Choice","q4_rationale_a","Expands parking options for patients, students, visitors, and event attendees near major destinations","Policy balance rationale"
"For Your Choice","q4_rationale_b","Protects residential street parking from institutional and event venue visitor spillover","Policy balance rationale"
"For Your Choice","q5_cost_a","Fewer spaces meet your preferences and your block may be full even when parking is available nearby.","Choice trade-off cost statement"
"For Your Choice","q5_cost_b","You may have a longer walk between your vehicle and home.","Choice trade-off cost statement"
"For Your Choice","q5_gain_a","A short distance between your vehicle and home","Choice trade-off benefit statement"
"For Your Choice","q5_gain_b","More possible spaces fall within the distance you consider acceptable.","Choice trade-off benefit statement"
"For Your Choice","q5_impact_a","-2.0 stalls (-13%)","Stall delta and occupancy impact summary"
"For Your Choice","q5_impact_b","+2.0 stalls (+13%)","Stall delta and occupancy impact summary"
"For Your Choice","q5_rationale_a","Limits acceptable parking distance to the immediate block to keep vehicles close to home","Policy balance rationale"
"For Your Choice","q5_rationale_b","Expands acceptable parking distance to the wider neighbourhood to increase available parking options","Policy balance rationale"
"For Your Choice","q6_cost_a","Households with private parking may have less access to permits, even when the parking does not meet all their needs.","Choice trade-off cost statement"
"For Your Choice","q6_cost_b","Households without private parking receive no additional priority and may face more competition for limited permits","Choice trade-off cost statement"
"For Your Choice","q6_gain_a","Prioritizes households with fewer alternatives to street parking, regardless of housing type.","Choice trade-off benefit statement"
"For Your Choice","q6_gain_b","Households have the same opportunity to obtain permits, regardless of their private parking arrangements","Choice trade-off benefit statement"
"For Your Choice","q6_impact_a","-3.5 stalls (-22%)","Stall delta and occupancy impact summary"
"For Your Choice","q6_impact_b","+3.5 stalls (+22%)","Stall delta and occupancy impact summary"
"For Your Choice","q6_rationale_a","Prioritizes street parking permits for households with no private off-street parking options","Policy balance rationale"
"For Your Choice","q6_rationale_b","Ensures equal permit eligibility for all households regardless of private parking availability","Policy balance rationale"
"For Your Choice","survey_street_impact_label","Street Impact:","Location privacy disclaimer or postal code guidance"
"For Your Choice","tradeoff_card_header","FOR YOUR CHOICE","User interface copy and on-screen element"
"For Your Choice","tradeoff_cost_pill","The Cost","Choice trade-off cost statement"
"For Your Choice","tradeoff_gain_pill","The Gain","Choice trade-off benefit statement"
"For Your Choice","tradeoff_stall_impact_pill","Impact to Stall Parking","Stall delta and occupancy impact summary"