"Text Key","Section / Screen","Container / Element","On screen text","Revised text","Guidance & Notes"
"OCCUPIED","Neighbourhood Simulation","Live Interactive Street Model","OCCUPIED","","Curbside animation, parking lane, or traffic notice"
"VACANT","Neighbourhood Simulation","Live Interactive Street Model","VACANT","","Curbside animation, parking lane, or traffic notice"
"compass_badge_your_result","Policy Compass","2D Compass Graph","Your Result","","Quadrant title, axis label, or balance metric"
"compass_bottom_axis","Policy Compass","2D Compass Graph","▼ Open Access","","Quadrant title, axis label, or balance metric"
"compass_bottom_axis_label","Policy Compass","2D Compass Graph","","","Quadrant title, axis label, or balance metric"
"compass_left_axis_line1","Policy Compass","2D Compass Graph","◀ Taxpayer","","Quadrant title, axis label, or balance metric"
"compass_left_axis_line2","Policy Compass","2D Compass Graph","Funded","","Quadrant title, axis label, or balance metric"
"compass_q1_line1","Policy Compass","2D Compass Graph","Regulated","","Quadrant title, axis label, or balance metric"
"compass_q1_line2","Policy Compass","2D Compass Graph","User-Fee","","Quadrant title, axis label, or balance metric"
"compass_q2_line1","Policy Compass","2D Compass Graph","Protective","","Quadrant title, axis label, or balance metric"
"compass_q2_line2","Policy Compass","2D Compass Graph","Taxpayer","","Quadrant title, axis label, or balance metric"
"compass_q3_line1","Policy Compass","2D Compass Graph","Free & Easy","","Quadrant title, axis label, or balance metric"
"compass_q3_line2","Policy Compass","2D Compass Graph","Open Access","","Quadrant title, axis label, or balance metric"
"compass_q4_line1","Policy Compass","2D Compass Graph","Flat Rate","","Quadrant title, axis label, or balance metric"
"compass_q4_line2","Policy Compass","2D Compass Graph","Simple Fee","","Quadrant title, axis label, or balance metric"
"compass_right_axis_line1","Policy Compass","2D Compass Graph","User-Fee","","Quadrant title, axis label, or balance metric"
"compass_right_axis_line2","Policy Compass","2D Compass Graph","Funded ▶","","Quadrant title, axis label, or balance metric"
"compass_top_axis","Policy Compass","2D Compass Graph","▲ Regulated Management","","Quadrant title, axis label, or balance metric"
"compass_top_axis_label","Policy Compass","2D Compass Graph","","","Quadrant title, axis label, or balance metric"
"drawer_back_survey_btn","Manual Sliders Drawer","Policy Sliders Drawer","Back to Exploring","","Direct policy slider label, description, or reset action"
"drawer_circling_label","Manual Sliders Drawer","Policy Sliders Drawer","Circling Traffic","","Direct policy slider label, description, or reset action"
"drawer_circling_text","Manual Sliders Drawer","Policy Sliders Drawer","Circling for Parking","","Direct policy slider label, description, or reset action"
"drawer_dwellings_unit","Manual Sliders Drawer","Policy Sliders Drawer","Dwellings","","Direct policy slider label, description, or reset action"
"drawer_gauge_close_aria","Manual Sliders Drawer","Policy Sliders Drawer","Close magnified parking gauge","","Direct policy slider label, description, or reset action"
"drawer_infill_label","Manual Sliders Drawer","Policy Sliders Drawer","Home Density","","Direct policy slider label, description, or reset action"
"drawer_police_test_btn","Manual Sliders Drawer","Policy Sliders Drawer","Call EPS","","Direct policy slider label, description, or reset action"
"drawer_police_test_title","Manual Sliders Drawer","Policy Sliders Drawer","Test 20-second lane blockage: dispatches EPS police cruiser with lights & sirens to clear traffic","","Direct policy slider label, description, or reset action"
"drawer_sliders_close_label","Manual Sliders Drawer","Policy Sliders Drawer","Close manual sliders","","Direct policy slider label, description, or reset action"
"drawer_sliders_deliveries_aria","Manual Sliders Drawer","Policy Sliders Drawer","Weekly deliveries per home","","Direct policy slider label, description, or reset action"
"drawer_sliders_density_aria","Manual Sliders Drawer","Policy Sliders Drawer","Home density","","Direct policy slider label, description, or reset action"
"drawer_sliders_stalls_unit","Manual Sliders Drawer","Policy Sliders Drawer","{count} stalls","","Direct policy slider label, description, or reset action"
"drawer_sliders_subtitle","Manual Sliders Drawer","Policy Sliders Drawer","Live simulation controls & density factors","","Direct policy slider label, description, or reset action"
"drawer_sliders_title","Manual Sliders Drawer","Policy Sliders Drawer","Adjust the Neighbourhood","","Direct policy slider label, description, or reset action"
"drawer_sliders_typology_label","Manual Sliders Drawer","Policy Sliders Drawer","Street Layout Typology:","","Direct policy slider label, description, or reset action"
"drawer_sliders_veh_per_home_aria","Manual Sliders Drawer","Policy Sliders Drawer","Average vehicles per home","","Direct policy slider label, description, or reset action"
"drawer_sliders_visitor_passes_aria","Manual Sliders Drawer","Policy Sliders Drawer","Visitor passes per home","","Direct policy slider label, description, or reset action"
"drawer_smooth_flow","Manual Sliders Drawer","Policy Sliders Drawer","Smooth Flow","","Direct policy slider label, description, or reset action"
"drawer_view_gauge_btn","Manual Sliders Drawer","Policy Sliders Drawer","View Gauge","","Direct policy slider label, description, or reset action"
"feedback_comment_label","General App Copy","Interactive Component","Why or why not? (Optional)","","App interface copy"
"feedback_comment_placeholder","General App Copy","Interactive Component","Share your thoughts with City of Edmonton planners...","","App interface copy"
"feedback_question","General App Copy","Interactive Component","Do you feel this represents your view on neighbourhood parking?","","App interface copy"
"feedback_rating_legend_max","General App Copy","Interactive Component","5 - Strongly Agree","","App interface copy"
"feedback_rating_legend_min","General App Copy","Interactive Component","1 - Strongly Disagree","","App interface copy"
"feedback_saved_badge","General App Copy","Interactive Component","Feedback Saved","","App interface copy"
"gauge_active_demand_label","Metrics Gauge Drawer","Magnified Gauge Drawer","Active Demand","","Live score explanation, tradeoff impact tag, or zone badge"
"gauge_adjust_sliders_btn","Metrics Gauge Drawer","Magnified Gauge Drawer","Adjust Sliders","","Live score explanation, tradeoff impact tag, or zone badge"
"gauge_back_survey_btn","Metrics Gauge Drawer","Magnified Gauge Drawer","Back to Exploring","","Live score explanation, tradeoff impact tag, or zone badge"
"gauge_circling_cars_label","Metrics Gauge Drawer","Magnified Gauge Drawer","Circling Cars","","Live score explanation, tradeoff impact tag, or zone badge"
"gauge_cruising_label","Metrics Gauge Drawer","Magnified Gauge Drawer","Cruising","","Live score explanation, tradeoff impact tag, or zone badge"
"gauge_curb_availability_label","Metrics Gauge Drawer","Magnified Gauge Drawer","Curb Availability","","Live score explanation, tradeoff impact tag, or zone badge"
"gauge_deficit_prefix","Metrics Gauge Drawer","Magnified Gauge Drawer","Deficit:","","Live score explanation, tradeoff impact tag, or zone badge"
"gauge_deficit_suffix","Metrics Gauge Drawer","Magnified Gauge Drawer","Cars","","Live score explanation, tradeoff impact tag, or zone badge"
"gauge_drawer_subtitle","Metrics Gauge Drawer","Magnified Gauge Drawer","Live street utilization & capacity analysis","","Live score explanation, tradeoff impact tag, or zone badge"
"gauge_drawer_title","Metrics Gauge Drawer","Magnified Gauge Drawer","Curbside Parking Demand Gauge","","Live score explanation, tradeoff impact tag, or zone badge"
"gauge_dwellings_label","Metrics Gauge Drawer","Magnified Gauge Drawer","Dwellings","","Live score explanation, tradeoff impact tag, or zone badge"
"gauge_homes_block_label","Metrics Gauge Drawer","Magnified Gauge Drawer","Homes on Block","","Live score explanation, tradeoff impact tag, or zone badge"
"gauge_insight_critical_desc","Metrics Gauge Drawer","Magnified Gauge Drawer","Vehicle demand exceeds legal spaces. Circling traffic causes blockages and emissions.","","Live score explanation, tradeoff impact tag, or zone badge"
"gauge_insight_critical_title","Metrics Gauge Drawer","Magnified Gauge Drawer","Severe Curb Deficit:","","Live score explanation, tradeoff impact tag, or zone badge"
"gauge_insight_healthy_desc","Metrics Gauge Drawer","Magnified Gauge Drawer","Space is available. Residents, visitors, and deliveries park easily without cruising.","","Live score explanation, tradeoff impact tag, or zone badge"
"gauge_insight_healthy_title","Metrics Gauge Drawer","Magnified Gauge Drawer","Curbside Balanced:","","Live score explanation, tradeoff impact tag, or zone badge"
"gauge_insight_strained_desc","Metrics Gauge Drawer","Magnified Gauge Drawer","Curb reaches ~85% occupancy. Minor cruising occurs during peak demand periods.","","Live score explanation, tradeoff impact tag, or zone badge"
"gauge_insight_strained_title","Metrics Gauge Drawer","Magnified Gauge Drawer","Approaching Capacity:","","Live score explanation, tradeoff impact tag, or zone badge"
"gauge_occupied_of","Metrics Gauge Drawer","Magnified Gauge Drawer","of","","Live score explanation, tradeoff impact tag, or zone badge"
"gauge_occupied_suffix","Metrics Gauge Drawer","Magnified Gauge Drawer","Legal Curbside Stalls Occupied","","Live score explanation, tradeoff impact tag, or zone badge"
"gauge_res_abbr","Metrics Gauge Drawer","Magnified Gauge Drawer","Res","","Live score explanation, tradeoff impact tag, or zone badge"
"gauge_smooth_label","Metrics Gauge Drawer","Magnified Gauge Drawer","0 (Smooth)","","Live score explanation, tradeoff impact tag, or zone badge"
"gauge_stalls_free","Metrics Gauge Drawer","Magnified Gauge Drawer","Stalls Free","","Live score explanation, tradeoff impact tag, or zone badge"
"gauge_status_critical","Metrics Gauge Drawer","Magnified Gauge Drawer","Critical Overload","","Live score explanation, tradeoff impact tag, or zone badge"
"gauge_status_healthy","Metrics Gauge Drawer","Magnified Gauge Drawer","Space Available","","Live score explanation, tradeoff impact tag, or zone badge"
"gauge_status_strained","Metrics Gauge Drawer","Magnified Gauge Drawer","High Utilization","","Live score explanation, tradeoff impact tag, or zone badge"
"gauge_vis_abbr","Metrics Gauge Drawer","Magnified Gauge Drawer","Vis","","Live score explanation, tradeoff impact tag, or zone badge"
"header_browser_matched_title","Global Header","Navigation Bar","Auto-matched to browser language","","Header navigation item or branding badge"
"header_final_persona","Global Header","Navigation Bar","Final Persona:","","Header navigation item or branding badge"
"header_font_decrease_aria","Global Header","Navigation Bar","Decrease font size","","Header navigation item or branding badge"
"header_font_decrease_title","Global Header","Navigation Bar","Decrease font size (-2pt)","","Header navigation item or branding badge"
"header_font_increase_aria","Global Header","Navigation Bar","Increase font size","","Header navigation item or branding badge"
"header_font_increase_title","Global Header","Navigation Bar","Increase font size (+2pt)","","Header navigation item or branding badge"
"header_how_it_works","Global Header","Navigation Bar","How It Works","","Header navigation item or branding badge"
"header_how_it_works_aria","Global Header","Navigation Bar","How This Works","","Header navigation item or branding badge"
"header_how_it_works_title","Global Header","Navigation Bar","About the Street Model & Consultation Guide","","Header navigation item or branding badge"
"header_live_trend","Global Header","Navigation Bar","Live Trend:","","Header navigation item or branding badge"
"header_logo_alt","Global Header","Navigation Bar","SafeMobility Compass","","Header navigation item or branding badge"
"header_mode_live","Global Header","Navigation Bar","Live Model","","Header navigation item or branding badge"
"header_mode_simplified","Global Header","Navigation Bar","Simplified Mode","","Header navigation item or branding badge"
"header_reset_btn","Global Header","Navigation Bar","Reset","","Header navigation item or branding badge"
"header_reset_title","Global Header","Navigation Bar","Reset Survey and Simulation","","Header navigation item or branding badge"
"header_retake_btn","Global Header","Navigation Bar","Retake","","Header navigation item or branding badge"
"header_retake_title","Global Header","Navigation Bar","Retake Assessment","","Header navigation item or branding badge"
"header_sim_view_aria","Global Header","Navigation Bar","Neighborhood Parking Simulation View","","Header navigation item or branding badge"
"header_survey_aria","Global Header","Navigation Bar","Parking Policy Persona Survey","","Header navigation item or branding badge"
"header_sync_active_title","Global Header","Navigation Bar","Google Sheet Synced ({count} items) - Click to Manage","","Header navigation item or branding badge"
"header_sync_aria","Global Header","Navigation Bar","Google Sheet Content Sync","","Header navigation item or branding badge"
"header_sync_btn_title","Global Header","Navigation Bar","Sync Copy from Google Sheets","","Header navigation item or branding badge"
"header_title_compass","Global Header","Navigation Bar","Compass","","Header navigation item or branding badge"
"header_title_curbside","Global Header","Navigation Bar","Curbside","","Header navigation item or branding badge"
"header_yeg","Global Header","Navigation Bar","EGG","","Header navigation item or branding badge"
"intro_btn_back","Civic Onboarding","3-Step Walkthrough Modal","Back","","Onboarding walkthrough card, title, bullet, or button"
"intro_btn_close_aria","Civic Onboarding","3-Step Walkthrough Modal","Close guide","","Onboarding walkthrough card, title, bullet, or button"
"intro_btn_close_title","Civic Onboarding","3-Step Walkthrough Modal","Close guide","","Onboarding walkthrough card, title, bullet, or button"
"intro_btn_next","Civic Onboarding","3-Step Walkthrough Modal","Next Step","","Onboarding walkthrough card, title, bullet, or button"
"intro_btn_skip","Civic Onboarding","3-Step Walkthrough Modal","Skip Intro","","Onboarding walkthrough card, title, bullet, or button"
"intro_btn_skip_aria","Civic Onboarding","3-Step Walkthrough Modal","Skip introduction and start survey","","Onboarding walkthrough card, title, bullet, or button"
"intro_btn_skip_title","Civic Onboarding","3-Step Walkthrough Modal","Skip this guide and start the survey right now","","Onboarding walkthrough card, title, bullet, or button"
"intro_btn_start","Civic Onboarding","3-Step Walkthrough Modal","Start Exploring","","Onboarding walkthrough card, title, bullet, or button"
"intro_header_subtitle","Civic Onboarding","3-Step Walkthrough Modal","City of Edmonton Guide","","Onboarding walkthrough card, title, bullet, or button"
"intro_header_title","Civic Onboarding","3-Step Walkthrough Modal","Curbside Compass","","Onboarding walkthrough card, title, bullet, or button"
"intro_s1_body1","Civic Onboarding","3-Step Walkthrough Modal","Help Edmonton plan street parking for your neighbourhood.","","Onboarding walkthrough card, title, bullet, or button"
"intro_s1_body2","Civic Onboarding","3-Step Walkthrough Modal","There are no wrong answers. It takes just 3 to 5 minutes!","","Onboarding walkthrough card, title, bullet, or button"
"intro_s1_privacy","Civic Onboarding","3-Step Walkthrough Modal","Your answers are 100% private and protected.","","Onboarding walkthrough card, title, bullet, or button"
"intro_s1_subtitle","Civic Onboarding","3-Step Walkthrough Modal","A City of Edmonton Public Survey","","Onboarding walkthrough card, title, bullet, or button"
"intro_s1_title","Civic Onboarding","3-Step Walkthrough Modal","Welcome to Curbside Compass!","","Onboarding walkthrough card, title, bullet, or button"
"intro_s2_curb_desc","Civic Onboarding","3-Step Walkthrough Modal","Residents, visitors, and delivery vans share street spots.","","Onboarding walkthrough card, title, bullet, or button"
"intro_s2_curb_title","Civic Onboarding","3-Step Walkthrough Modal","2. Curb Spots:","","Onboarding walkthrough card, title, bullet, or button"
"intro_s2_garages_desc","Civic Onboarding","3-Step Walkthrough Modal","Homes have private garages in the back lane.","","Onboarding walkthrough card, title, bullet, or button"
"intro_s2_garages_title","Civic Onboarding","3-Step Walkthrough Modal","1. Back Garages:","","Onboarding walkthrough card, title, bullet, or button"
"intro_s2_takeaway","Civic Onboarding","3-Step Walkthrough Modal","When curb spots fill up, drivers have to circle the block looking for parking.","","Onboarding walkthrough card, title, bullet, or button"
"intro_s2_title","Civic Onboarding","3-Step Walkthrough Modal","How Our Streets Work","","Onboarding walkthrough card, title, bullet, or button"
"intro_s3_body1","Civic Onboarding","3-Step Walkthrough Modal","Every time you answer a question, the street picture updates right away.","","Onboarding walkthrough card, title, bullet, or button"
"intro_s3_body2","Civic Onboarding","3-Step Walkthrough Modal","You can see if parking spots open up, or if cars start circling.","","Onboarding walkthrough card, title, bullet, or button"
"intro_s3_summary","Civic Onboarding","3-Step Walkthrough Modal","This helps you see how each parking rule affects your neighbourhood street.","","Onboarding walkthrough card, title, bullet, or button"
"intro_s3_title","Civic Onboarding","3-Step Walkthrough Modal","See What Happens Live","","Onboarding walkthrough card, title, bullet, or button"
"intro_s4_badge_selected","Civic Onboarding","3-Step Walkthrough Modal","Selected ✓","","Onboarding walkthrough card, title, bullet, or button"
"intro_s4_opt1_desc","Civic Onboarding","3-Step Walkthrough Modal","Watch cars and delivery vans drive on the street.","","Onboarding walkthrough card, title, bullet, or button"
"intro_s4_opt1_title","Civic Onboarding","3-Step Walkthrough Modal","Moving Street Picture","","Onboarding walkthrough card, title, bullet, or button"
"intro_s4_opt2_desc","Civic Onboarding","3-Step Walkthrough Modal","A calm screen with clear numbers and no moving cars.","","Onboarding walkthrough card, title, bullet, or button"
"intro_s4_opt2_title","Civic Onboarding","3-Step Walkthrough Modal","Still Picture (No Motion)","","Onboarding walkthrough card, title, bullet, or button"
"intro_s4_subtitle","Civic Onboarding","3-Step Walkthrough Modal","Pick the view you like best:","","Onboarding walkthrough card, title, bullet, or button"
"intro_s4_switch_note","Civic Onboarding","3-Step Walkthrough Modal","You can switch views anytime during the survey!","","Onboarding walkthrough card, title, bullet, or button"
"intro_s4_title","Civic Onboarding","3-Step Walkthrough Modal","Choose Your Street Picture","","Onboarding walkthrough card, title, bullet, or button"
"intro_s5_point1","Civic Onboarding","3-Step Walkthrough Modal","Answer 9 quick questions about parking rules.","","Onboarding walkthrough card, title, bullet, or button"
"intro_s5_point2","Civic Onboarding","3-Step Walkthrough Modal","Go at your own speed. There is no rush.","","Onboarding walkthrough card, title, bullet, or button"
"intro_s5_point3","Civic Onboarding","3-Step Walkthrough Modal","Click ""How It Works"" at the top if you need this guide again.","","Onboarding walkthrough card, title, bullet, or button"
"intro_s5_subtitle","Civic Onboarding","3-Step Walkthrough Modal","Just 3 things to remember:","","Onboarding walkthrough card, title, bullet, or button"
"intro_s5_thankyou","Civic Onboarding","3-Step Walkthrough Modal","Thank you for helping plan Edmonton's neighbourhood streets!","","Onboarding walkthrough card, title, bullet, or button"
"intro_s5_title","Civic Onboarding","3-Step Walkthrough Modal","You Are Ready to Begin!","","Onboarding walkthrough card, title, bullet, or button"
"intro_screen_counter_label","Civic Onboarding","3-Step Walkthrough Modal","Screen","","Onboarding walkthrough card, title, bullet, or button"
"intro_screen_counter_of","Civic Onboarding","3-Step Walkthrough Modal","of","","Onboarding walkthrough card, title, bullet, or button"
"intro_step_label","Civic Onboarding","3-Step Walkthrough Modal","Step","","Onboarding walkthrough card, title, bullet, or button"
"lang_available_files","Localization & Accessibility","Language & Accessibility Support","Available Language JSON Files","","Accessibility text or language identifier"
"lang_browser_detection","Localization & Accessibility","Language & Accessibility Support","Browser Language Detection:","","Accessibility text or language identifier"
"lang_browser_match_badge","Localization & Accessibility","Language & Accessibility Support","Browser Match","","Accessibility text or language identifier"
"lang_close_label","Localization & Accessibility","Language & Accessibility Support","Close language selector","","Accessibility text or language identifier"
"lang_detected_browser","Localization & Accessibility","Language & Accessibility Support","Detected from browser:","","Accessibility text or language identifier"
"lang_match_browser_btn","Localization & Accessibility","Language & Accessibility Support","Match Browser ({code})","","Accessibility text or language identifier"
"lang_matched","Localization & Accessibility","Language & Accessibility Support","Matched {code} ({file})","","Accessibility text or language identifier"
"lang_modal_subtitle","Localization & Accessibility","Language & Accessibility Support","Curbside Compass Localization Files","","Accessibility text or language identifier"
"lang_modal_title","Localization & Accessibility","Language & Accessibility Support","Language & Localization","","Accessibility text or language identifier"
"lang_no_match","Localization & Accessibility","Language & Accessibility Support","No exact locale match (defaulting to English)","","Accessibility text or language identifier"
"lang_save_notice","Localization & Accessibility","Language & Accessibility Support","Selections are saved locally for future visits.","","Accessibility text or language identifier"
"lang_status_auto_matched","Localization & Accessibility","Language & Accessibility Support","Currently auto-matched to your browser preference","","Accessibility text or language identifier"
"lang_status_custom","Localization & Accessibility","Language & Accessibility Support","Custom selection active (overrides browser)","","Accessibility text or language identifier"
"lang_status_default","Localization & Accessibility","Language & Accessibility Support","Defaulting to English","","Accessibility text or language identifier"
"modal_close_button","Civic Onboarding","3-Step Walkthrough Modal","Done","","Onboarding walkthrough card, title, bullet, or button"
"nav_alert_postal_format","Navigation","Bottom Action Bar","Please enter a 6 or 7 character alphanumeric postal code.","","Step advancement or question navigation"
"nav_alert_select_option","Navigation","Bottom Action Bar","Please select an option to advance.","","Step advancement or question navigation"
"nav_btn_back_to_location","Navigation","Bottom Action Bar","Back","","Step advancement or question navigation"
"nav_btn_calc_persona","Navigation","Bottom Action Bar","Calculate Final Persona","","Step advancement or question navigation"
"nav_btn_confirm_layout","Navigation","Bottom Action Bar","Next: Street Layout","","Step advancement or question navigation"
"nav_btn_next","Navigation","Bottom Action Bar","Next","","Step advancement or question navigation"
"nav_btn_previous","Navigation","Bottom Action Bar","Previous","","Step advancement or question navigation"
"nav_btn_proceed_q1","Navigation","Bottom Action Bar","Start Survey","","Step advancement or question navigation"
"persona_balanced_resident_desc","Results & Personas","Profile Description Narrative","You like a fair balance of parking rules. You slightly prefer that everyone shares the costs through taxes, instead of just drivers.","","City policy persona profile details"
"persona_balanced_resident_edmonton_fit","Results & Personas","Edmonton Policy Alignment","Aligns with flexible neighbourhood parking.","","City policy persona profile details"
"persona_balanced_resident_priority_1","Results & Personas","Key Priority Pill 1","Balanced access","","City policy persona profile details"
"persona_balanced_resident_priority_2","Results & Personas","Key Priority Pill 2","Community funding","","City policy persona profile details"
"persona_balanced_resident_subtitle","Results & Personas","Persona Subtitle / Motto","Fair Balance • Shared Costs","","City policy persona profile details"
"persona_balanced_resident_title","Results & Personas","Persona Title","Balanced Resident","","City policy persona profile details"
"persona_block_resident_desc","Results & Personas","Profile Description Narrative","You like strict parking rules to keep order. You prefer that everyone shares the costs through taxes, rather than just car owners.","","City policy persona profile details"
"persona_block_resident_edmonton_fit","Results & Personas","Edmonton Policy Alignment","Aligns with highly regulated mature neighbourhoods.","","City policy persona profile details"
"persona_block_resident_priority_1","Results & Personas","Key Priority Pill 1","Strict enforcement","","City policy persona profile details"
"persona_block_resident_priority_2","Results & Personas","Key Priority Pill 2","General tax funding","","City policy persona profile details"
"persona_block_resident_subtitle","Results & Personas","Persona Subtitle / Motto","Strict Rules • General Taxation","","City policy persona profile details"
"persona_block_resident_title","Results & Personas","Persona Title","Block Resident","","City policy persona profile details"
"persona_casual_cruiser_desc","Results & Personas","Profile Description Narrative","You like very few parking rules on our streets. You strongly believe car owners must pay for their own parking, not everyone.","","City policy persona profile details"
"persona_casual_cruiser_edmonton_fit","Results & Personas","Edmonton Policy Alignment","Aligns with unregulated paid public lots.","","City policy persona profile details"
"persona_casual_cruiser_priority_1","Results & Personas","Key Priority Pill 1","Unrestricted access","","City policy persona profile details"
"persona_casual_cruiser_priority_2","Results & Personas","Key Priority Pill 2","Direct user payments","","City policy persona profile details"
"persona_casual_cruiser_subtitle","Results & Personas","Persona Subtitle / Motto","Very Few Rules • Strong User-Fee","","City policy persona profile details"
"persona_casual_cruiser_title","Results & Personas","Persona Title","Casual Cruiser","","City policy persona profile details"
"persona_chill_neighbour_desc","Results & Personas","Profile Description Narrative","You like having few parking rules. You believe everyone should share the costs through taxes, not just car owners.","","City policy persona profile details"
"persona_chill_neighbour_edmonton_fit","Results & Personas","Edmonton Policy Alignment","Aligns with low-density residential guidelines.","","City policy persona profile details"
"persona_chill_neighbour_priority_1","Results & Personas","Key Priority Pill 1","Minimal restrictions","","City policy persona profile details"
"persona_chill_neighbour_priority_2","Results & Personas","Key Priority Pill 2","Publicly funded","","City policy persona profile details"
"persona_chill_neighbour_subtitle","Results & Personas","Persona Subtitle / Motto","Few Rules • Shared Costs","","City policy persona profile details"
"persona_chill_neighbour_title","Results & Personas","Persona Title","Chill Neighbour","","City policy persona profile details"
"persona_easy_neighbor_desc","Results & Personas","Profile Description Narrative","You like fewer parking rules to make things easy. You prefer that everyone shares the costs through taxes, rather than just drivers.","","City policy persona profile details"
"persona_easy_neighbor_edmonton_fit","Results & Personas","Edmonton Policy Alignment","Aligns with open suburban parking.","","City policy persona profile details"
"persona_easy_neighbor_priority_1","Results & Personas","Key Priority Pill 1","Easy access","","City policy persona profile details"
"persona_easy_neighbor_priority_2","Results & Personas","Key Priority Pill 2","Taxpayer funding","","City policy persona profile details"
"persona_easy_neighbor_subtitle","Results & Personas","Persona Subtitle / Motto","Fewer Rules • Shared Costs","","City policy persona profile details"
"persona_easy_neighbor_title","Results & Personas","Persona Title","Easy Neighbor","","City policy persona profile details"
"persona_fair_parker_desc","Results & Personas","Profile Description Narrative","You like a fair balance of parking rules. You strongly feel that drivers should pay for parking, instead of everyone.","","City policy persona profile details"
"persona_fair_parker_edmonton_fit","Results & Personas","Edmonton Policy Alignment","Aligns with self-sustaining parking districts.","","City policy persona profile details"
"persona_fair_parker_priority_1","Results & Personas","Key Priority Pill 1","Fair access","","City policy persona profile details"
"persona_fair_parker_priority_2","Results & Personas","Key Priority Pill 2","Full cost-recovery from drivers","","City policy persona profile details"
"persona_fair_parker_subtitle","Results & Personas","Persona Subtitle / Motto","Fair Balance • Strong User-Fee","","City policy persona profile details"
"persona_fair_parker_title","Results & Personas","Persona Title","Fair Parker","","City policy persona profile details"
"persona_free_wheeler_desc","Results & Personas","Profile Description Narrative","You want almost no parking rules so people are free. You strongly believe drivers should pay for their own parking, not everyone.","","City policy persona profile details"
"persona_free_wheeler_edmonton_fit","Results & Personas","Edmonton Policy Alignment","Aligns with private unregulated toll/parking models.","","City policy persona profile details"
"persona_free_wheeler_priority_1","Results & Personas","Key Priority Pill 1","Absolute freedom","","City policy persona profile details"
"persona_free_wheeler_priority_2","Results & Personas","Key Priority Pill 2","100% user-funded","","City policy persona profile details"
"persona_free_wheeler_subtitle","Results & Personas","Persona Subtitle / Motto","Almost No Rules • Strong User-Fee","","City policy persona profile details"
"persona_free_wheeler_title","Results & Personas","Persona Title","Free Wheeler","","City policy persona profile details"
"persona_happy_driver_desc","Results & Personas","Profile Description Narrative","You want almost no parking rules. You prefer that drivers pay for parking, rather than everyone sharing the costs through taxes.","","City policy persona profile details"
"persona_happy_driver_edmonton_fit","Results & Personas","Edmonton Policy Alignment","Aligns with open flat-rate parking regions.","","City policy persona profile details"
"persona_happy_driver_priority_1","Results & Personas","Key Priority Pill 1","No restrictions","","City policy persona profile details"
"persona_happy_driver_priority_2","Results & Personas","Key Priority Pill 2","Flat user fees","","City policy persona profile details"
"persona_happy_driver_subtitle","Results & Personas","Persona Subtitle / Motto","Almost No Rules • User-Fee","","City policy persona profile details"
"persona_happy_driver_title","Results & Personas","Persona Title","Happy Driver","","City policy persona profile details"
"persona_happy_neighbor_desc","Results & Personas","Profile Description Narrative","You want almost no parking rules. You strongly believe everyone should share the costs through taxes, not just drivers.","","City policy persona profile details"
"persona_happy_neighbor_edmonton_fit","Results & Personas","Edmonton Policy Alignment","Aligns with historically unregulated rural/suburban edges.","","City policy persona profile details"
"persona_happy_neighbor_priority_1","Results & Personas","Key Priority Pill 1","Complete freedom","","City policy persona profile details"
"persona_happy_neighbor_priority_2","Results & Personas","Key Priority Pill 2","Fully public funding","","City policy persona profile details"
"persona_happy_neighbor_subtitle","Results & Personas","Persona Subtitle / Motto","Almost No Rules • Strong Taxpayer","","City policy persona profile details"
"persona_happy_neighbor_title","Results & Personas","Persona Title","Happy Neighbor","","City policy persona profile details"
"persona_picky_parker_desc","Results & Personas","Profile Description Narrative","You like clear parking rules. You prefer that car owners pay for parking, rather than everyone sharing the costs through taxes.","","City policy persona profile details"
"persona_picky_parker_edmonton_fit","Results & Personas","Edmonton Policy Alignment","Aligns with targeted permit zones.","","City policy persona profile details"
"persona_picky_parker_priority_1","Results & Personas","Key Priority Pill 1","Clear restrictions","","City policy persona profile details"
"persona_picky_parker_priority_2","Results & Personas","Key Priority Pill 2","User-pay model","","City policy persona profile details"
"persona_picky_parker_subtitle","Results & Personas","Persona Subtitle / Motto","Clear Rules • User-Fee","","City policy persona profile details"
"persona_picky_parker_title","Results & Personas","Persona Title","Picky Parker","","City policy persona profile details"
"persona_rule_resident_desc","Results & Personas","Profile Description Narrative","You like clear parking rules. You think everyone should share the costs through taxes, not just car owners.","","City policy persona profile details"
"persona_rule_resident_edmonton_fit","Results & Personas","Edmonton Policy Alignment","Aligns with protected residential areas.","","City policy persona profile details"
"persona_rule_resident_priority_1","Results & Personas","Key Priority Pill 1","Defined zones","","City policy persona profile details"
"persona_rule_resident_priority_2","Results & Personas","Key Priority Pill 2","Tax-supported maintenance","","City policy persona profile details"
"persona_rule_resident_subtitle","Results & Personas","Persona Subtitle / Motto","Clear Rules • Shared Costs","","City policy persona profile details"
"persona_rule_resident_title","Results & Personas","Persona Title","Rule Resident","","City policy persona profile details"
"persona_safety_parker_desc","Results & Personas","Profile Description Narrative","You like strict parking rules to keep streets safe. You strongly believe car owners should pay for their own parking, not everyone.","","City policy persona profile details"
"persona_safety_parker_edmonton_fit","Results & Personas","Edmonton Policy Alignment","Aligns with high-traffic pedestrian safety corridors.","","City policy persona profile details"
"persona_safety_parker_priority_1","Results & Personas","Key Priority Pill 1","Strict safety enforcement","","City policy persona profile details"
"persona_safety_parker_priority_2","Results & Personas","Key Priority Pill 2","Direct user fees","","City policy persona profile details"
"persona_safety_parker_subtitle","Results & Personas","Persona Subtitle / Motto","Strict Rules • Strong User-Fee","","City policy persona profile details"
"persona_safety_parker_title","Results & Personas","Persona Title","Safety Parker","","City policy persona profile details"
"persona_sensible_parker_desc","Results & Personas","Profile Description Narrative","You like a fair balance of parking rules. You prefer that drivers pay for their own parking, instead of everyone sharing the costs.","","City policy persona profile details"
"persona_sensible_parker_edmonton_fit","Results & Personas","Edmonton Policy Alignment","Aligns with hybrid paid-parking zones.","","City policy persona profile details"
"persona_sensible_parker_priority_1","Results & Personas","Key Priority Pill 1","Balanced enforcement","","City policy persona profile details"
"persona_sensible_parker_priority_2","Results & Personas","Key Priority Pill 2","Driver-paid infrastructure","","City policy persona profile details"
"persona_sensible_parker_subtitle","Results & Personas","Persona Subtitle / Motto","Fair Balance • User-Fee","","City policy persona profile details"
"persona_sensible_parker_title","Results & Personas","Persona Title","Sensible Parker","","City policy persona profile details"
"persona_simple_driver_desc","Results & Personas","Profile Description Narrative","You like fewer parking rules to keep life simple. You slightly prefer that car owners pay for parking, rather than everyone sharing the costs.","","City policy persona profile details"
"persona_simple_driver_edmonton_fit","Results & Personas","Edmonton Policy Alignment","Aligns with simplified flat-rate zones.","","City policy persona profile details"
"persona_simple_driver_priority_1","Results & Personas","Key Priority Pill 1","Simple access","","City policy persona profile details"
"persona_simple_driver_priority_2","Results & Personas","Key Priority Pill 2","Light user fees","","City policy persona profile details"
"persona_simple_driver_subtitle","Results & Personas","Persona Subtitle / Motto","Fewer Rules • User-Fee","","City policy persona profile details"
"persona_simple_driver_title","Results & Personas","Persona Title","Simple Driver","","City policy persona profile details"
"persona_tidy_resident_desc","Results & Personas","Profile Description Narrative","You like some parking rules to keep streets neat. You feel everyone should share the costs through taxes, not just drivers.","","City policy persona profile details"
"persona_tidy_resident_edmonton_fit","Results & Personas","Edmonton Policy Alignment","Aligns with standard residential parking guidelines.","","City policy persona profile details"
"persona_tidy_resident_priority_1","Results & Personas","Key Priority Pill 1","Clear guidelines","","City policy persona profile details"
"persona_tidy_resident_priority_2","Results & Personas","Key Priority Pill 2","Shared costs","","City policy persona profile details"
"persona_tidy_resident_subtitle","Results & Personas","Persona Subtitle / Motto","Some Rules • General Taxation","","City policy persona profile details"
"persona_tidy_resident_title","Results & Personas","Persona Title","Tidy Resident","","City policy persona profile details"
"persona_zen_neighbor_desc","Results & Personas","Profile Description Narrative","You want very few parking rules for more freedom. You slightly prefer that everyone shares the costs through taxes, not just car owners.","","City policy persona profile details"
"persona_zen_neighbor_edmonton_fit","Results & Personas","Edmonton Policy Alignment","Aligns with unenforced open streets.","","City policy persona profile details"
"persona_zen_neighbor_priority_1","Results & Personas","Key Priority Pill 1","High freedom","","City policy persona profile details"
"persona_zen_neighbor_priority_2","Results & Personas","Key Priority Pill 2","Shared municipal cost","","City policy persona profile details"
"persona_zen_neighbor_subtitle","Results & Personas","Persona Subtitle / Motto","Very Few Rules • Shared Costs","","City policy persona profile details"
"persona_zen_neighbor_title","Results & Personas","Persona Title","Zen Neighbor","","City policy persona profile details"
"q0_helper_short","Location / Postal Code","Input Helper Prompt","Search your neighbourhood or enter a postal code to match your street:","","Survey policy tradeoff content"
"q0_placeholder","Location / Postal Code","Input Box Placeholder","Postal code (e.g. T5J 2R7) or neighbourhood...","","Survey policy tradeoff content"
"q0_step1_progress_title","Location / Postal Code","Progress Step Header","Step 1 of 2: Find Street","","Survey policy tradeoff content"
"q0_step2_progress_title","Location / Postal Code","Progress Step Header","Step 2 of 2: Confirm Layout","","Survey policy tradeoff content"
"q0_title_step1","Location / Postal Code","Question Card","Find your Edmonton street layout","","Survey policy tradeoff content"
"q0_title_step2","Location / Postal Code","Question Card","Confirm your street layout","","Survey policy tradeoff content"
"q1_category","Question 1 of 6","Policy Category Badge","Residential Parking Permit Program Funding","","Survey policy tradeoff content"
"q1_hint_a","Question 1 of 6","Simulation Hint A","Drivers who park on the street pay permit fees. This covers program costs and encourages people with driveways to park off the street.","","Survey policy tradeoff content"
"q1_hint_b","Question 1 of 6","Simulation Hint B","Because street parking is free, more vehicles park on the street.","","Survey policy tradeoff content"
"q1_option_a","Question 1 of 6","Option A Choice","People who use parking through pay-per-use fees and parking permits.","","Survey policy tradeoff content"
"q1_option_b","Question 1 of 6","Option B Choice","All residents through property taxes","","Survey policy tradeoff content"
"q1_progress_title","Question 1 of 6","Progress Step Header","QUESTION 1 OF 6","","Survey policy tradeoff content"
"q1_question","Question 1 of 6","Question Card","Residential parking programs cost money to operate. Who should pay for them?","","Survey policy tradeoff content"
"q2_category","Question 2 of 6","Policy Category Badge","Parking Proximity to Home","","Survey policy tradeoff content"
"q2_hint_a","Question 2 of 6","Simulation Hint A","Limits acceptable parking to your immediate block to keep vehicles within a short walking distance.","","Survey policy tradeoff content"
"q2_hint_b","Question 2 of 6","Simulation Hint B","Increases available parking options by extending acceptable parking distance into the wider neighbourhood.","","Survey policy tradeoff content"
"q2_option_a","Question 2 of 6","Option A Choice","On my block","","Survey policy tradeoff content"
"q2_option_b","Question 2 of 6","Option B Choice","Within two or three blocks","","Survey policy tradeoff content"
"q2_progress_title","Question 2 of 6","Progress Step Header","QUESTION 2 OF 6","","Survey policy tradeoff content"
"q2_question","Question 2 of 6","Question Card","When parking on the street near your home, what would you consider reasonably close?","","Survey policy tradeoff content"
"q3_category","Question 3 of 6","Policy Category Badge","Residential Parking Permit Limit","","Survey policy tradeoff content"
"q3_hint_a","Question 3 of 6","Simulation Hint A","Homes can only get permits for up to two street-parked cars. Extra vehicles must park in private driveways or garages.","","Survey policy tradeoff content"
"q3_hint_b","Question 3 of 6","Simulation Hint B","Homes can get permits for 3 or more vehicles, so more cars end up parked along the curb.","","Survey policy tradeoff content"
"q3_option_a","Question 3 of 6","Option A Choice","Yes","","Survey policy tradeoff content"
"q3_option_b","Question 3 of 6","Option B Choice","No","","Survey policy tradeoff content"
"q3_progress_title","Question 3 of 6","Progress Step Header","QUESTION 3 OF 6","","Survey policy tradeoff content"
"q3_question","Question 3 of 6","Question Card","In neighbourhoods where street parking is in high demand, should there be a limit on parking permits per household?","","Survey policy tradeoff content"
"q4_category","Question 4 of 6","Policy Category Badge","Visitor Access","","Survey policy tradeoff content"
"q4_hint_a","Question 4 of 6","Simulation Hint A","Allows visitors, family, and service providers equal access to park near the home they are visiting.","","Survey policy tradeoff content"
"q4_hint_b","Question 4 of 6","Simulation Hint B","Prioritizes street parking for residents, reducing competition from visitor and service vehicles.","","Survey policy tradeoff content"
"q4_option_a","Question 4 of 6","Option A Choice","Yes","","Survey policy tradeoff content"
"q4_option_b","Question 4 of 6","Option B Choice","No","","Survey policy tradeoff content"
"q4_progress_title","Question 4 of 6","Progress Step Header","QUESTION 4 OF 6","","Survey policy tradeoff content"
"q4_question","Question 4 of 6","Question Card","When street parking is in high demand, should visitors and service providers (e.g., cleaners and contractors) have the same opportunity as residents to park on the block they are visiting?","","Survey policy tradeoff content"
"q5_category","Question 5 of 6","Policy Category Badge","Parking Proximity to Destination","","Survey policy tradeoff content"
"q5_hint_a","Question 5 of 6","Simulation Hint A","Expands parking choices on nearby residential streets for patients, students, and event attendees.","","Survey policy tradeoff content"
"q5_hint_b","Question 5 of 6","Simulation Hint B","Protects nearby residential street parking for residents and guests near major destinations.","","Survey policy tradeoff content"
"q5_option_a","Question 5 of 6","Option A Choice","Yes","","Survey policy tradeoff content"
"q5_option_b","Question 5 of 6","Option B Choice","No","","Survey policy tradeoff content"
"q5_progress_title","Question 5 of 6","Progress Step Header","QUESTION 5 OF 6","","Survey policy tradeoff content"
"q5_question","Question 5 of 6","Question Card","When people visit hospitals, post-secondary institutions and event venues, should they be able to use nearby residential streets for parking (within a few blocks)?","","Survey policy tradeoff content"
"q6_category","Question 6 of 6","Policy Category Badge","Residential Parking Permit Eligibility","","Survey policy tradeoff content"
"q6_hint_a","Question 6 of 6","Simulation Hint A","Prioritizes street parking permits for households with fewer off-street parking alternatives.","","Survey policy tradeoff content"
"q6_hint_b","Question 6 of 6","Simulation Hint B","Ensures equal permit eligibility for all households regardless of their private parking arrangements.","","Survey policy tradeoff content"
"q6_option_a","Question 6 of 6","Option A Choice","Yes households with no private parking should get priority for permits","","Survey policy tradeoff content"
"q6_option_b","Question 6 of 6","Option B Choice","No, households should have the same eligibility, whether or not they have private parking.","","Survey policy tradeoff content"
"q6_progress_title","Question 6 of 6","Progress Step Header","QUESTION 6 OF 6","","Survey policy tradeoff content"
"q6_question","Question 6 of 6","Question Card","Should access to private parking affect who can get a permit? Consider all households, including those in houses, townhomes and apartments. Private parking means a driveway, garage or other off-street parking space.","","Survey policy tradeoff content"
"q9_category","Question 9 of 9","Policy Category Badge","Neighbourhood Location","","Survey policy tradeoff content"
"q9_error_alphanumeric","Question 9 of 9","Question Card","Postal code must contain only letters and numbers.","","Survey policy tradeoff content"
"q9_error_length","Question 9 of 9","Question Card","Postal code must be 6 or 7 alphanumeric characters (currently [N]).","","Survey policy tradeoff content"
"q9_error_required","Question 9 of 9","Question Card","Please enter your full postal code to continue.","","Survey policy tradeoff content"
"q9_helper_text","Question 9 of 9","Input Helper Prompt","Please enter a 6 or 7 character alphanumeric postal code (e.g., T5J 2R7 or T5J2R7).","","Survey policy tradeoff content"
"q9_input_placeholder","Question 9 of 9","Input Box Placeholder","e.g. T5J 2R7","","Survey policy tradeoff content"
"q9_opt_out_label","Question 9 of 9","Question Card","I prefer not to provide my postal code","","Survey policy tradeoff content"
"q9_progress_title","Question 9 of 9","Progress Step Header","QUESTION 9 OF 9","","Survey policy tradeoff content"
"q9_question","Question 9 of 9","Question Card","Please enter your full postal code.","","Survey policy tradeoff content"
"results_alignment_title","Results & Sharing","Results Summary View","Parking Program Trade-off Outcomes","","Civic results summary, chart legends, and sharing"
"results_back_to_compass","Results & Sharing","Results Summary View","Back to Compass","","Civic results summary, chart legends, and sharing"
"results_btn_back_compass","Results & Sharing","Results Summary View","Back to Compass","","Civic results summary, chart legends, and sharing"
"results_btn_finish_share","Results & Sharing","Results Summary View","Finish & Share","","Civic results summary, chart legends, and sharing"
"results_btn_next_feedback","Results & Sharing","Results Summary View","Next: Share Feedback","","Civic results summary, chart legends, and sharing"
"results_btn_share","Results & Sharing","Results Summary View","Share","","Civic results summary, chart legends, and sharing"
"results_compass_result_title","Results & Sharing","Results Summary View","Your Curbside Compass Result","","Civic results summary, chart legends, and sharing"
"results_enforcement_label","Results & Sharing","Results Summary View","Enforcement Level","","Civic results summary, chart legends, and sharing"
"results_fee_model_label","Results & Sharing","Results Summary View","Curbside Fee Model","","Civic results summary, chart legends, and sharing"
"results_feedback_prompt","Results & Sharing","Results Summary View","Do you feel this represents your view on neighbourhood parking?","","Civic results summary, chart legends, and sharing"
"results_feedback_saved","Results & Sharing","Results Summary View","Feedback Saved","","Civic results summary, chart legends, and sharing"
"results_finish_share","Results & Sharing","Results Summary View","Finish & Share","","Civic results summary, chart legends, and sharing"
"results_link_copied","Results & Sharing","Results Summary View","Link Copied!","","Civic results summary, chart legends, and sharing"
"results_next_feedback","Results & Sharing","Results Summary View","Next: Share Feedback","","Civic results summary, chart legends, and sharing"
"results_outcome_title","Results & Sharing","Results Summary View","Parking Program Trade-off Outcomes","","Civic results summary, chart legends, and sharing"
"results_parking_program_outcomes_title","Results & Sharing","Results Summary View","Parking Program Trade-off Outcomes","","Civic results summary, chart legends, and sharing"
"results_privacy_hint","Results & Sharing","Results Summary View","Feedback is collected for planning research. Please do not include personal contact details, phone numbers, or full names.","","Civic results summary, chart legends, and sharing"
"results_scale_1","Results & Sharing","Results Summary View","1 - Strongly Disagree","","Civic results summary, chart legends, and sharing"
"results_scale_5","Results & Sharing","Results Summary View","5 - Strongly Agree","","Civic results summary, chart legends, and sharing"
"results_share_btn","Results & Sharing","Results Summary View","Share","","Civic results summary, chart legends, and sharing"
"results_step2_title","Results & Sharing","Results Summary View","Your Curbside Compass Result","","Civic results summary, chart legends, and sharing"
"results_tradeoff_outcomes_title","Results & Sharing","Results Summary View","Parking Program Trade-off Outcomes","","Civic results summary, chart legends, and sharing"
"results_view_summary","Results & Sharing","Results Summary View","View Summary","","Civic results summary, chart legends, and sharing"
"results_why_label","Results & Sharing","Results Summary View","Why or why not? (Optional)","","Civic results summary, chart legends, and sharing"
"results_why_placeholder","Results & Sharing","Results Summary View","Share your thoughts with City of Edmonton planners...","","Civic results summary, chart legends, and sharing"
"results_you_believe_title","Results & Sharing","Results Summary View","You Believe","","Civic results summary, chart legends, and sharing"
"share_caption_copied_title","Results & Sharing","Results Summary View","Share caption copied!","","Civic results summary, chart legends, and sharing"
"share_choose_label","Results & Sharing","Results Summary View","Choose What to Share","","Civic results summary, chart legends, and sharing"
"share_copied_btn","Results & Sharing","Results Summary View","Copied to Clipboard!","","Civic results summary, chart legends, and sharing"
"share_copy_btn","Results & Sharing","Results Summary View","Copy Full Post Text to Clipboard","","Civic results summary, chart legends, and sharing"
"share_copy_helper_text","Results & Sharing","Results Summary View","Copies your Curbside Compass result\nand the survey link to paste and share anywhere","","Civic results summary, chart legends, and sharing"
"share_download_attach_title","Results & Sharing","Results Summary View","Download image to save or attach","","Civic results summary, chart legends, and sharing"
"share_download_img_title","Results & Sharing","Results Summary View","Download image","","Civic results summary, chart legends, and sharing"
"share_facebook","Results & Sharing","Results Summary View","Facebook","","Civic results summary, chart legends, and sharing"
"share_feedback_completed","Results & Sharing","Results Summary View","Feedback Completed","","Civic results summary, chart legends, and sharing"
"share_headline","Results & Sharing","Results Summary View","Thank You for Your Feedback! Share the Curbside Compass","","Civic results summary, chart legends, and sharing"
"share_instagram","Results & Sharing","Results Summary View","Instagram","","Civic results summary, chart legends, and sharing"
"share_intro","Results & Sharing","Results Summary View","Your perspectives on neighbourhood parking provide valuable insight for the City of Edmonton. Encourage your neighbours, friends, and community members to discover their parking persona and have their say on curbside policies:","","Civic results summary, chart legends, and sharing"
"share_on_facebook","Results & Sharing","Results Summary View","Share on Facebook","","Civic results summary, chart legends, and sharing"
"share_on_instagram","Results & Sharing","Results Summary View","Share on Instagram","","Civic results summary, chart legends, and sharing"
"share_on_x","Results & Sharing","Results Summary View","Share on X","","Civic results summary, chart legends, and sharing"
"share_opening_platform","Results & Sharing","Results Summary View","Opening {platform} so you can paste your post.","","Civic results summary, chart legends, and sharing"
"share_opt_general","Results & Sharing","Results Summary View","General Invite Only","","Civic results summary, chart legends, and sharing"
"share_opt_general_desc","Results & Sharing","Results Summary View","Encouraging post without persona results","","Civic results summary, chart legends, and sharing"
"share_opt_persona","Results & Sharing","Results Summary View","Include My Persona","","Civic results summary, chart legends, and sharing"
"share_opt_persona_includes","Results & Sharing","Results Summary View","Includes: {persona}","","Civic results summary, chart legends, and sharing"
"share_preview_label","Results & Sharing","Results Summary View","Social Post Preview","","Civic results summary, chart legends, and sharing"
"share_retake_btn","Results & Sharing","Results Summary View","Retake Assessment","","Civic results summary, chart legends, and sharing"
"share_save_image_btn","Results & Sharing","Results Summary View","Save image","","Civic results summary, chart legends, and sharing"
"share_start_over","Results & Sharing","Results Summary View","Start Over","","Civic results summary, chart legends, and sharing"
"share_view_persona_btn","Results & Sharing","Results Summary View","View Parking Persona","","Civic results summary, chart legends, and sharing"
"share_x","Results & Sharing","Results Summary View","X (Twitter)","","Civic results summary, chart legends, and sharing"
"sim_audio_enable_title","Neighbourhood Simulation","Live Interactive Street Model","Enable City Traffic Ambience (5%) & SFX (15%)","","Curbside animation, parking lane, or traffic notice"
"sim_audio_mute_title","Neighbourhood Simulation","Live Interactive Street Model","Mute Simulation & City Traffic Noise","","Curbside animation, parking lane, or traffic notice"
"sim_btn_controls","Neighbourhood Simulation","Live Interactive Street Model","Controls","","Curbside animation, parking lane, or traffic notice"
"sim_bubble_parallel_park","Neighbourhood Simulation","Live Interactive Street Model","Reverse parallel parking...","","Curbside animation, parking lane, or traffic notice"
"sim_bubble_parked","Neighbourhood Simulation","Live Interactive Street Model","Parked!","","Curbside animation, parking lane, or traffic notice"
"sim_bubble_reverse_tight","Neighbourhood Simulation","Live Interactive Street Model","Reversing into tight spot...","","Curbside animation, parking lane, or traffic notice"
"sim_bubble_spot_fits","Neighbourhood Simulation","Live Interactive Street Model","Spot fits (150%+) - Parking","","Curbside animation, parking lane, or traffic notice"
"sim_bubble_spot_tight_try","Neighbourhood Simulation","Live Interactive Street Model","Spot 80% size - Trying to park","","Curbside animation, parking lane, or traffic notice"
"sim_bubble_too_tight","Neighbourhood Simulation","Live Interactive Street Model","Too tight (80%)! Giving up","","Curbside animation, parking lane, or traffic notice"
"sim_canvas_aria","Neighbourhood Simulation","Live Interactive Street Model","Live 2.5D Isometric Neighborhood Simulation showing residential parking, driveways, and road traffic based on the active policy settings.","","Curbside animation, parking lane, or traffic notice"
"sim_canvas_title","Neighbourhood Simulation","Live Interactive Street Model","Live Edmonton Multimodal Neighborhood Simulation - Click vehicles to honk","","Curbside animation, parking lane, or traffic notice"
"sim_canvas_unsupported","Neighbourhood Simulation","Live Interactive Street Model","Your browser does not support the canvas element needed to render the neighborhood simulation.","","Curbside animation, parking lane, or traffic notice"
"sim_car_unit_singular","Neighbourhood Simulation","Live Interactive Street Model","car","","Curbside animation, parking lane, or traffic notice"
"sim_cars_home_label","Neighbourhood Simulation","Live Interactive Street Model","Average Vehicles Per Home","","Curbside animation, parking lane, or traffic notice"
"sim_cars_unit","Neighbourhood Simulation","Live Interactive Street Model","Cars","","Curbside animation, parking lane, or traffic notice"
"sim_cars_unit_lowercase","Neighbourhood Simulation","Live Interactive Street Model","cars","","Curbside animation, parking lane, or traffic notice"
"sim_controls_btn","Neighbourhood Simulation","Live Interactive Street Model","Controls","","Curbside animation, parking lane, or traffic notice"
"sim_controls_title","Neighbourhood Simulation","Live Interactive Street Model","Toggle Manual Simulation Sliders","","Curbside animation, parking lane, or traffic notice"
"sim_curb_gauge_title","Neighbourhood Simulation","Live Interactive Street Model","Curbside Parking Gauge: Click to view magnified gauge analysis","","Curbside animation, parking lane, or traffic notice"
"sim_curb_label","Neighbourhood Simulation","Live Interactive Street Model","Curb","","Curbside animation, parking lane, or traffic notice"
"sim_curb_open_title","Neighbourhood Simulation","Live Interactive Street Model","Curbside parking open - through traffic flowing smoothly","","Curbside animation, parking lane, or traffic notice"
"sim_deliveries_label","Neighbourhood Simulation","Live Interactive Street Model","Weekly Deliveries","","Curbside animation, parking lane, or traffic notice"
"sim_drawer_title","Neighbourhood Simulation","Live Interactive Street Model","Manual Sliders","","Curbside animation, parking lane, or traffic notice"
"sim_driveway_spots_label","Neighbourhood Simulation","Live Interactive Street Model","Driveway Spots","","Curbside animation, parking lane, or traffic notice"
"sim_eps_desc","Neighbourhood Simulation","Live Interactive Street Model","Traffic blockage detected >20s • Cruiser clearing lane","","Curbside animation, parking lane, or traffic notice"
"sim_eps_title","Neighbourhood Simulation","Live Interactive Street Model","🚨 EPS TRAFFIC INVESTIGATION","","Curbside animation, parking lane, or traffic notice"
"sim_fire_extinguish","Neighbourhood Simulation","Live Interactive Street Model","Extinguish","","Curbside animation, parking lane, or traffic notice"
"sim_fire_ignite","Neighbourhood Simulation","Live Interactive Street Model","Road Fire","","Curbside animation, parking lane, or traffic notice"
"sim_garages_aria","Neighbourhood Simulation","Live Interactive Street Model","Rear Garages Status: {count} of 12 occupied. Click to toggle garage badges.","","Curbside animation, parking lane, or traffic notice"
"sim_garages_tooltip","Neighbourhood Simulation","Live Interactive Street Model","Detached Laned Garages: Real-time off-street vehicle parking across all 12 properties (Click to toggle garage roof indicators)","","Curbside animation, parking lane, or traffic notice"
"sim_gauge_curbside","Neighbourhood Simulation","Live Interactive Street Model","Curbside","","Curbside animation, parking lane, or traffic notice"
"sim_rear_garages_label","Neighbourhood Simulation","Live Interactive Street Model","REAR GARAGES","","Curbside animation, parking lane, or traffic notice"
"sim_reshuffle","Neighbourhood Simulation","Live Interactive Street Model","Reshuffle","","Curbside animation, parking lane, or traffic notice"
"sim_reshuffle_title","Neighbourhood Simulation","Live Interactive Street Model","Randomize Parking Distribution","","Curbside animation, parking lane, or traffic notice"
"sim_simplified_title","Neighbourhood Simulation","Live Interactive Street Model","Switch to Simplified Static View (Low Motion)","","Curbside animation, parking lane, or traffic notice"
"sim_traffic_open","Neighbourhood Simulation","Live Interactive Street Model","Open","","Curbside animation, parking lane, or traffic notice"
"sim_vacant_label","Neighbourhood Simulation","Live Interactive Street Model","Vacant","","Curbside animation, parking lane, or traffic notice"
"sim_visitor_passes_label","Neighbourhood Simulation","Live Interactive Street Model","Visitor Passes","","Curbside animation, parking lane, or traffic notice"
"sim_zoom_in","Neighbourhood Simulation","Live Interactive Street Model","Zoom In","","Curbside animation, parking lane, or traffic notice"
"sim_zoom_out","Neighbourhood Simulation","Live Interactive Street Model","Zoom Out","","Curbside animation, parking lane, or traffic notice"
"sim_zoom_reset","Neighbourhood Simulation","Live Interactive Street Model","Reset Camera View (Default 1.33x)","","Curbside animation, parking lane, or traffic notice"
"skip_to_q1_link","General App Copy","Interactive Component","Skip Location","","App interface copy"
"static_acc_assumptions_btn","Simplified Street Layouts","Static Street Summary View","Open Manual Sliders Panel","","Street typology description, lane legend, or safety callout"
"static_acc_assumptions_desc","Simplified Street Layouts","Static Street Summary View","Manually adjust dwellings, household cars per home, and delivery frequency.","","Street typology description, lane legend, or safety callout"
"static_acc_assumptions_title","Simplified Street Layouts","Static Street Summary View","Customize Street Assumptions","","Street typology description, lane legend, or safety callout"
"static_acc_cars_label","Simplified Street Layouts","Static Street Summary View","Household Cars","","Street typology description, lane legend, or safety callout"
"static_acc_cars_suffix","Simplified Street Layouts","Static Street Summary View","total cars","","Street typology description, lane legend, or safety callout"
"static_acc_deliveries_label","Simplified Street Layouts","Static Street Summary View","Weekly Deliveries","","Street typology description, lane legend, or safety callout"
"static_acc_deliveries_suffix","Simplified Street Layouts","Static Street Summary View","courier visits","","Street typology description, lane legend, or safety callout"
"static_acc_garages_label","Simplified Street Layouts","Static Street Summary View","Rear Garages","","Street typology description, lane legend, or safety callout"
"static_acc_garages_occupied","Simplified Street Layouts","Static Street Summary View","occupied","","Street typology description, lane legend, or safety callout"
"static_acc_garages_vacant","Simplified Street Layouts","Static Street Summary View","vacant","","Street typology description, lane legend, or safety callout"
"static_acc_offstreet_garages_full","Simplified Street Layouts","Static Street Summary View","Garages Full","","Street typology description, lane legend, or safety callout"
"static_acc_offstreet_title","Simplified Street Layouts","Static Street Summary View","Private & Off-Street Parking","","Street typology description, lane legend, or safety callout"
"static_acc_visitors_label","Simplified Street Layouts","Static Street Summary View","Visitor Cars","","Street typology description, lane legend, or safety callout"
"static_acc_visitors_suffix","Simplified Street Layouts","Static Street Summary View","vehicles","","Street typology description, lane legend, or safety callout"
"static_btn_customize_livesim_title","Simplified Street Layouts","Static Street Summary View","Switch directly to live simulation and customize street assumptions","","Street typology description, lane legend, or safety callout"
"static_btn_switch_livesim","Simplified Street Layouts","Static Street Summary View","Switch to Live Simulation","","Street typology description, lane legend, or safety callout"
"static_btn_switch_livesim_title","Simplified Street Layouts","Static Street Summary View","Switch directly to the live 2.5D street simulation","","Street typology description, lane legend, or safety callout"
"static_circling_active","Simplified Street Layouts","Static Street Summary View","circling looking for parking","","Street typology description, lane legend, or safety callout"
"static_circling_none","Simplified Street Layouts","Static Street Summary View","0 vehicles circling (street traffic flowing freely)","","Street typology description, lane legend, or safety callout"
"static_circling_plural","Simplified Street Layouts","Static Street Summary View","vehicles","","Street typology description, lane legend, or safety callout"
"static_circling_single","Simplified Street Layouts","Static Street Summary View","vehicle","","Street typology description, lane legend, or safety callout"
"static_header_block_badge","Simplified Street Layouts","Static Street Summary View","12-Home Block","","Street typology description, lane legend, or safety callout"
"static_header_live_sim_btn","Simplified Street Layouts","Static Street Summary View","Live Simulation","","Street typology description, lane legend, or safety callout"
"static_header_live_sim_title","Simplified Street Layouts","Static Street Summary View","Switch to animated 2.5D simulation","","Street typology description, lane legend, or safety callout"
"static_header_title","Simplified Street Layouts","Static Street Summary View","Curbside Street Stalls Overview","","Street typology description, lane legend, or safety callout"
"static_slider_aria_label","Simplified Street Layouts","Static Street Summary View","Curbside parking occupancy slider","","Street typology description, lane legend, or safety callout"
"static_slider_cap_unit","Simplified Street Layouts","Static Street Summary View","capacity","","Street typology description, lane legend, or safety callout"
"static_slider_cars_unit","Simplified Street Layouts","Static Street Summary View","cars","","Street typology description, lane legend, or safety callout"
"static_slider_label","Simplified Street Layouts","Static Street Summary View","Curbside Occupancy Slider:","","Street typology description, lane legend, or safety callout"
"static_stalls_occupied_of","Simplified Street Layouts","Static Street Summary View","of","","Street typology description, lane legend, or safety callout"
"static_stalls_occupied_suffix","Simplified Street Layouts","Static Street Summary View","stalls occupied","","Street typology description, lane legend, or safety callout"
"static_status_balanced_desc","Simplified Street Layouts","Static Street Summary View","Optimal street parking with open spots for visitors and delivery vans.","","Street typology description, lane legend, or safety callout"
"static_status_balanced_label","Simplified Street Layouts","Static Street Summary View","BALANCED AVAILABILITY","","Street typology description, lane legend, or safety callout"
"static_status_near_capacity_desc","Simplified Street Layouts","Static Street Summary View","Curbside nearly full. Limited turnover for visitors and couriers.","","Street typology description, lane legend, or safety callout"
"static_status_near_capacity_label","Simplified Street Layouts","Static Street Summary View","NEAR CAPACITY","","Street typology description, lane legend, or safety callout"
"static_status_overcrowded_desc","Simplified Street Layouts","Static Street Summary View","Demand exceeds legal curbside capacity. Vehicles circle for spots.","","Street typology description, lane legend, or safety callout"
"static_status_overcrowded_label","Simplified Street Layouts","Static Street Summary View","OVERCROWDED","","Street typology description, lane legend, or safety callout"
"static_summary_open_suffix","Simplified Street Layouts","Static Street Summary View","curbside spot(s) currently open.","","Street typology description, lane legend, or safety callout"
"static_summary_over_suffix","Simplified Street Layouts","Static Street Summary View","vehicle(s) over physical stall capacity.","","Street typology description, lane legend, or safety callout"
"static_summary_prefix","Simplified Street Layouts","Static Street Summary View","Summary: ","","Street typology description, lane legend, or safety callout"
"static_tick_0","Simplified Street Layouts","Static Street Summary View","0 Stalls","","Street typology description, lane legend, or safety callout"
"static_tick_ideal","Simplified Street Layouts","Static Street Summary View","Ideal (85% Target)","","Street typology description, lane legend, or safety callout"
"static_tick_max","Simplified Street Layouts","Static Street Summary View","16 Max Stalls","","Street typology description, lane legend, or safety callout"
"static_tick_overload","Simplified Street Layouts","Static Street Summary View","24 Overload","","Street typology description, lane legend, or safety callout"
"static_tradeoff_prefix","Simplified Street Layouts","Static Street Summary View","Trade-off: ","","Street typology description, lane legend, or safety callout"
"static_tradeoff_title","Simplified Street Layouts","Static Street Summary View","Answer Choice Impact & Trade-Off","","Street typology description, lane legend, or safety callout"
"static_tradeoff_unanswered_prompt","Simplified Street Layouts","Static Street Summary View","Select an option on Question 1 to calculate its live impact on curbside stalls and street trade-offs.","","Street typology description, lane legend, or safety callout"
"survey_back_button","Survey Privacy & Location","Postal Code Card","← Back","","Location privacy disclaimer or postal code guidance"
"survey_change_layout_btn","Survey Privacy & Location","Postal Code Card","Change ▾","","Location privacy disclaimer or postal code guidance"
"survey_clear_location_aria","Survey Privacy & Location","Postal Code Card","Clear location search","","Location privacy disclaimer or postal code guidance"
"survey_detected_for","Survey Privacy & Location","Postal Code Card","Detected for {area}: Tap to change","","Location privacy disclaimer or postal code guidance"
"survey_location_input_aria","Survey Privacy & Location","Postal Code Card","Edmonton postal code or neighbourhood","","Location privacy disclaimer or postal code guidance"
"survey_on_street_stalls","Survey Privacy & Location","Postal Code Card","{count} on-street stalls","","Location privacy disclaimer or postal code guidance"
"survey_postal_codes_anonymized","Survey Privacy & Location","Postal Code Card","Postal codes anonymized","","Location privacy disclaimer or postal code guidance"
"survey_prefer_not_to_share","Survey Privacy & Location","Postal Code Card","Prefer not to share location","","Location privacy disclaimer or postal code guidance"
"survey_quick_match","Survey Privacy & Location","Postal Code Card","Quick Match:","","Location privacy disclaimer or postal code guidance"
"survey_select_street_style","Survey Privacy & Location","Postal Code Card","Select your neighbourhood street style:","","Location privacy disclaimer or postal code guidance"
"survey_stalls_unit","Survey Privacy & Location","Postal Code Card","{count} Stalls","","Location privacy disclaimer or postal code guidance"
"survey_street_impact_label","Survey Privacy & Location","Postal Code Card","Street Impact:","","Location privacy disclaimer or postal code guidance"
"sync_btn_apply_pasted","Content Sync Tool","Google Sheets Sync Modal","Apply Pasted Copy Now","","Communications team sheet sync interface text"
"sync_btn_blank_sheet","Content Sync Tool","Google Sheets Sync Modal","Open Blank Google Sheet","","Communications team sheet sync interface text"
"sync_btn_download_template","Content Sync Tool","Google Sheets Sync Modal","Download Full CSV Template","","Communications team sheet sync interface text"
"sync_btn_load_template","Content Sync Tool","Google Sheets Sync Modal","Load Built-in Template CSV","","Communications team sheet sync interface text"
"sync_btn_load_template_title","Content Sync Tool","Google Sheets Sync Modal","Loads the built-in text inventory CSV file","","Communications team sheet sync interface text"
"sync_btn_reset_defaults","Content Sync Tool","Google Sheets Sync Modal","Reset to Defaults","","Communications team sheet sync interface text"
"sync_btn_save_sync","Content Sync Tool","Google Sheets Sync Modal","Save & Sync Now","","Communications team sheet sync interface text"
"sync_btn_syncing","Content Sync Tool","Google Sheets Sync Modal","Syncing...","","Communications team sheet sync interface text"
"sync_error_default","Content Sync Tool","Google Sheets Sync Modal","Unable to load text from the provided spreadsheet.","","Communications team sheet sync interface text"
"sync_field_paste_help","Content Sync Tool","Google Sheets Sync Modal","You can copy and paste rows directly from Google Sheets or Excel without needing to publish.","","Communications team sheet sync interface text"
"sync_field_paste_label","Content Sync Tool","Google Sheets Sync Modal","Paste CSV / TSV Rows or Table:","","Communications team sheet sync interface text"
"sync_field_paste_placeholder","Content Sync Tool","Google Sheets Sync Modal","Text Key,On screen text\nq1_question,Who should pay for residential parking programs?\nq1_option_a,Residents with vehicles in the area...","","Communications team sheet sync interface text"
"sync_field_url_help","Content Sync Tool","Google Sheets Sync Modal","Paste the link from your browser address bar, the Share link, or a published CSV link. Just ensure your sheet sharing is set to ""Anyone with the link can view"".","","Communications team sheet sync interface text"
"sync_field_url_help_title","Content Sync Tool","Google Sheets Sync Modal","Any Google Sheets link works:","","Communications team sheet sync interface text"
"sync_field_url_label","Content Sync Tool","Google Sheets Sync Modal","Google Sheet or CSV URL:","","Communications team sheet sync interface text"
"sync_field_url_placeholder","Content Sync Tool","Google Sheets Sync Modal","https://docs.google.com/spreadsheets/d/.../edit or .../pub?output=csv","","Communications team sheet sync interface text"
"sync_footer_active","Content Sync Tool","Google Sheets Sync Modal","🟢 Live Sync Active","","Communications team sheet sync interface text"
"sync_footer_default","Content Sync Tool","Google Sheets Sync Modal","⚪ Built-in Defaults","","Communications team sheet sync interface text"
"sync_guarantee_desc","Content Sync Tool","Google Sheets Sync Modal","If Google Sheets is ever unreachable or offline, the app automatically serves the built-in copy. The app will never crash or show blank screens.","","Communications team sheet sync interface text"
"sync_guarantee_title","Content Sync Tool","Google Sheets Sync Modal","Reliability Guarantee:","","Communications team sheet sync interface text"
"sync_guide_step1_desc","Content Sync Tool","Google Sheets Sync Modal","Download the template using the Download Full CSV Template button, then open Google Sheets and select File → Import → Upload.","","Communications team sheet sync interface text"
"sync_guide_step1_title","Content Sync Tool","Google Sheets Sync Modal","1. Download & Import the CSV Template:","","Communications team sheet sync interface text"
"sync_guide_step2_desc","Content Sync Tool","Google Sheets Sync Modal","Modify any phrasing in the ""On screen text"" (or add a ""Revised text"") column. In Google Sheets, click the blue Share button (top-right) and ensure General access is set to ""Anyone with the link can view"".","","Communications team sheet sync interface text"
"sync_guide_step2_title","Content Sync Tool","Google Sheets Sync Modal","2. Edit Copy & Set Sharing:","","Communications team sheet sync interface text"
"sync_guide_step3_desc","Content Sync Tool","Google Sheets Sync Modal","Copy the URL from your browser address bar or click Copy link in the Share dialog, return here, paste it into the URL field, and click Save & Sync Now. The app will automatically convert and sync the text!","","Communications team sheet sync interface text"
"sync_guide_step3_title","Content Sync Tool","Google Sheets Sync Modal","3. Paste Link in Curbside Compass:","","Communications team sheet sync interface text"
"sync_guide_subtitle","Content Sync Tool","Google Sheets Sync Modal","Follow these 3 simple steps to let your communications team update app copy anytime:","","Communications team sheet sync interface text"
"sync_guide_title","Content Sync Tool","Google Sheets Sync Modal","How to link Google Sheets with Curbside Compass","","Communications team sheet sync interface text"
"sync_intro_default","Content Sync Tool","Google Sheets Sync Modal","The app is currently using the built-in copy. Paste your Google Sheet link or raw CSV to customize text.","","Communications team sheet sync interface text"
"sync_last_synced","Content Sync Tool","Google Sheets Sync Modal","Last sync: {time}","","Communications team sheet sync interface text"
"sync_loaded_items","Content Sync Tool","Google Sheets Sync Modal","Successfully loaded {count} text items into the application.","","Communications team sheet sync interface text"
"sync_modal_close_aria","Content Sync Tool","Google Sheets Sync Modal","Close sync modal","","Communications team sheet sync interface text"
"sync_modal_close_btn","Content Sync Tool","Google Sheets Sync Modal","Close","","Communications team sheet sync interface text"
"sync_modal_subtitle","Content Sync Tool","Google Sheets Sync Modal","Update app text live from Google Sheets or CSV","","Communications team sheet sync interface text"
"sync_modal_title","Content Sync Tool","Google Sheets Sync Modal","Live Content & Copy Sync","","Communications team sheet sync interface text"
"sync_pasted_success","Content Sync Tool","Google Sheets Sync Modal","Successfully updated app text from pasted copy!","","Communications team sheet sync interface text"
"sync_quick_tools_title","Content Sync Tool","Google Sheets Sync Modal","Quick Tools","","Communications team sheet sync interface text"
"sync_status_active","Content Sync Tool","Google Sheets Sync Modal","Content Sync Active","","Communications team sheet sync interface text"
"sync_status_default","Content Sync Tool","Google Sheets Sync Modal","Using Built-in Default Text","","Communications team sheet sync interface text"
"sync_status_error","Content Sync Tool","Google Sheets Sync Modal","Sync Notice","","Communications team sheet sync interface text"
"sync_tab_guide","Content Sync Tool","Google Sheets Sync Modal","Setup Instructions","","Communications team sheet sync interface text"
"sync_tab_paste","Content Sync Tool","Google Sheets Sync Modal","Paste CSV Directly","","Communications team sheet sync interface text"
"sync_tab_url","Content Sync Tool","Google Sheets Sync Modal","Google Sheet URL","","Communications team sheet sync interface text"
"thankyou_btn_copied_clipboard","Thank You View","Submission & Feedback View","Copied to Clipboard!","","Completion message, open text feedback, or close prompt"
"thankyou_btn_copy_clipboard","Thank You View","Submission & Feedback View","Copy Full Post Text to Clipboard","","Completion message, open text feedback, or close prompt"
"thankyou_btn_download","Thank You View","Submission & Feedback View","Download","","Completion message, open text feedback, or close prompt"
"thankyou_btn_facebook","Thank You View","Submission & Feedback View","Facebook","","Completion message, open text feedback, or close prompt"
"thankyou_btn_instagram","Thank You View","Submission & Feedback View","Instagram","","Completion message, open text feedback, or close prompt"
"thankyou_btn_retake","Thank You View","Submission & Feedback View","Retake Assessment","","Completion message, open text feedback, or close prompt"
"thankyou_btn_save_image","Thank You View","Submission & Feedback View","Save image","","Completion message, open text feedback, or close prompt"
"thankyou_btn_start_over","Thank You View","Submission & Feedback View","Start Over","","Completion message, open text feedback, or close prompt"
"thankyou_btn_view_persona","Thank You View","Submission & Feedback View","View Parking Persona","","Completion message, open text feedback, or close prompt"
"thankyou_btn_x","Thank You View","Submission & Feedback View","X (Twitter)","","Completion message, open text feedback, or close prompt"
"thankyou_copy_helper","Thank You View","Submission & Feedback View","Copies your Curbside Compass result and the survey link to paste and share anywhere","","Completion message, open text feedback, or close prompt"
"thankyou_desc","Thank You View","Submission & Feedback View","Your perspectives on neighbourhood parking provide valuable insight for the City of Edmonton. Encourage your neighbours, friends, and community members to discover their parking persona and have their say on curbside policies:","","Completion message, open text feedback, or close prompt"
"thankyou_heading","Thank You View","Submission & Feedback View","Thank You for Your Feedback! Share the Curbside Compass","","Completion message, open text feedback, or close prompt"
"thankyou_mode_general_sub","Thank You View","Submission & Feedback View","Encouraging post without persona results","","Completion message, open text feedback, or close prompt"
"thankyou_mode_general_title","Thank You View","Submission & Feedback View","General Invite Only","","Completion message, open text feedback, or close prompt"
"thankyou_mode_persona_title","Thank You View","Submission & Feedback View","Include My Persona","","Completion message, open text feedback, or close prompt"
"thankyou_preview_card_title","Thank You View","Submission & Feedback View","Social Post Preview","","Completion message, open text feedback, or close prompt"
"thankyou_preview_general_text","Thank You View","Submission & Feedback View","Where do you stand on Edmonton's neighbourhood parking and curbside policies? Have your say and try the Curbside Compass public engagement tool:","","Completion message, open text feedback, or close prompt"
"thankyou_share_mode_label","Thank You View","Submission & Feedback View","Choose What to Share","","Completion message, open text feedback, or close prompt"
"thankyou_status","Thank You View","Submission & Feedback View","Feedback Completed","","Completion message, open text feedback, or close prompt"
"watch_btn_back","Neighbourhood Simulation","Live Interactive Street Model","Back","","Curbside animation, parking lane, or traffic notice"
"watch_btn_results","Neighbourhood Simulation","Live Interactive Street Model","See Final Results","","Curbside animation, parking lane, or traffic notice"
"watch_desc","Neighbourhood Simulation","Live Interactive Street Model","Based on your policy choices, the neighborhood parking demand has been set. Observe the simulation to see if your policies lead to harmony or chaos!","","Curbside animation, parking lane, or traffic notice"
"watch_title","Neighbourhood Simulation","Live Interactive Street Model","Watch the Street!","","Curbside animation, parking lane, or traffic notice"