Question_Number,Category,Question_Text,Option_Letter,Option_Label,Option_Hint,Curbside_Stall_Impact,Gains_Benefits,Pains_Costs,Policy_Rationale
Q0,Location & Street Typology,"Where do you live in Edmonton?",A,"Enter Postal Code (e.g. T5J 2R7), Neighbourhood, or Street Address","Identifies your neighbourhood street typology (Mature Laned, Infill & Duplex, Suburban Front Driveway, or Modern Townhome) to calibrate live curbside stall capacity.","Calibrates street capacity (10 to 16 stalls)","Customizes the visual street simulation to match the exact parking dynamics of your neighbourhood (garage lanes, curb cuts, density).","Requires entering postal code or address (protected under Section 4(c) of POPA).","Customizes visual street simulations to match the exact parking dynamics of the respondent's neighbourhood"
Q0,Location & Street Typology,"Where do you live in Edmonton?",B,"Prefer not to share location (Opt Out)","Skips location detection and loads Edmonton standard Mature Laned benchmark street.","Standard 16 stalls benchmark","100% anonymous survey participation without disclosing any geographical or postal information.","Simulation uses the city-wide benchmark rather than your specific neighbourhood street layout.","Enables anonymous survey participation without disclosing geographical or postal information"
Q1,Residential Parking Permit Program Funding,"Residential parking programs cost money to operate. Who should pay for them?",A,"People who use parking through pay-per-use fees and parking permits.","Drivers who park on the street pay permit fees. This covers program costs and encourages people with driveways to park off the street.","-1.5 stalls (-10%)","Costs are covered by people using the program, rather than through property taxes.","Fees add to users’ parking costs, including for people with no private parking.","Ensures program operating costs are paid directly by users rather than through property taxes"
Q1,Residential Parking Permit Program Funding,"Residential parking programs cost money to operate. Who should pay for them?",B,"All residents through property taxes","Because street parking is free, more vehicles park on the street.","+1.5 stalls (+10%)","People can use the program without paying separate parking fees, reducing the direct cost of access.","Program costs are shared through property taxes, including by people who do not use the parking.","Reduces direct costs to users by funding the program through property taxes instead of separate fees"
Q2,Residential Parking Permit Limit,"In neighbourhoods where street parking is in high demand, should there be a limit on parking permits per household?",A,"Yes","Homes can only get permits for up to two street-parked cars. Extra vehicles must park in private driveways or garages.","-2.0 stalls (-13%)","Limiting permits can reduce competition for street parking, improving availability for other residents and visitors","Households with more vehicles than permits would need other parking arrangements, which may be difficult if they have limited or no private parking","Reduces competition for street parking to improve availability for other residents and visitors"
Q2,Residential Parking Permit Limit,"In neighbourhoods where street parking is in high demand, should there be a limit on parking permits per household?",B,"No","Homes can get permits for 3 or more vehicles, so more cars end up parked along the curb.","+2.0 stalls (+13%)","Households can obtain permits for all eligible vehicles, accommodating households with multiple drivers.","More vehicles may compete for the same spaces, making parking near home harder to find.","Accommodates households with multiple drivers by allowing permits for all eligible vehicles"
Q3,Visitor Access,"When street parking is in high demand, should visitors and service providers (e.g., cleaners and contractors) have the same opportunity as residents to park on the block they are visiting?",A,"Yes","Allows visitors, family, and service providers equal access to park near the home they are visiting.","-2.0 stalls (-13%)","Family, friends and people providing services can use available spaces close to the home they’re visiting.","Residents face more competition for those spaces and may need to park farther from home.","Allows family, friends, and service providers to park conveniently close to the homes they visit"
Q3,Visitor Access,"When street parking is in high demand, should visitors and service providers (e.g., cleaners and contractors) have the same opportunity as residents to park on the block they are visiting?",B,"No","Prioritizes street parking for residents, reducing competition from visitor and service vehicles.","+2.0 stalls (+13%)","Residents have priority for nearby spaces, reducing competition from visitor vehicles.","Visitors and service providers may need to park farther away, making visits less convenient.","Prioritizes residents for nearby spaces by reducing competition from visitor vehicles"
Q4,Parking Proximity to Destination,"When people visit hospitals, post-secondary institutions and event venues, should they be able to use nearby residential streets for parking (within a few blocks)?",A,"Yes","Expands parking choices on nearby residential streets for patients, students, and event attendees.","-2.5 stalls (-16%)","Patients, visitors, students and event attendees have more parking options within a few blocks of their destination.","Residents and their guests may face more competition for spaces and need to park farther away.","Expands parking options for patients, students, visitors, and event attendees near major destinations"
Q4,Parking Proximity to Destination,"When people visit hospitals, post-secondary institutions and event venues, should they be able to use nearby residential streets for parking (within a few blocks)?",B,"No","Protects nearby residential street parking for residents and guests near major destinations.","+2.5 stalls (+16%)","Residents and their guests face less competition for nearby spaces from people visiting these destinations.","People visiting nearby destinations have fewer street parking options and may need to park farther away, or use other parking facilities","Protects residential street parking from institutional and event venue visitor spillover"
Q5,Parking Proximity to Home,"When parking on the street near your home, what would you consider reasonably close?",A,"On my Block","Limits acceptable parking to your immediate block to keep vehicles within a short walking distance.","-2.0 stalls (-13%)","A short distance between your vehicle and home","Fewer spaces meet your preferences and your block may be full even when parking is available nearby.","Limits acceptable parking distance to the immediate block to keep vehicles close to home"
Q5,Parking Proximity to Home,"When parking on the street near your home, what would you consider reasonably close?",B,"More possible spaces fall within the distance you consider acceptable.","Increases available parking options by extending acceptable parking distance into the wider neighbourhood.","+2.0 stalls (+13%)","More possible spaces fall within the distance you consider acceptable.","You may have a longer walk between your vehicle and home.","Expands acceptable parking distance to the wider neighbourhood to increase available parking options"
Q6,Residential Parking Permit Eligibility,"Should access to private parking affect who can get a permit? Consider all households, including those in houses, townhomes and apartments. Private parking means a driveway, garage or other off-street parking space.",A,"Yes households with no private parking should get priority for permits","Prioritizes street parking permits for households with fewer off-street parking alternatives.","-3.5 stalls (-22%)","Prioritizes households with fewer alternatives to street parking, regardless of housing type.","Households with private parking may have less access to permits, even when the parking does not meet all their needs.","Prioritizes street parking permits for households with no private off-street parking options"
Q6,Residential Parking Permit Eligibility,"Should access to private parking affect who can get a permit? Consider all households, including those in houses, townhomes and apartments. Private parking means a driveway, garage or other off-street parking space.",B,"No, households should have the same eligibility, whether or not they have private parking.","Ensures equal permit eligibility for all households regardless of their private parking arrangements.","+3.5 stalls (+22%)","Households have the same opportunity to obtain permits, regardless of their private parking arrangements","Households without private parking receive no additional priority and may face more competition for limited permits","Ensures equal permit eligibility for all households regardless of private parking availability"
