POSTAL_CODE,Neighbourhood Name,POSSE_WARD,POSSE_CLASSIFICATION
T5A,York,Dene,Redeveloping
T5A,Casselman,Dene,Redeveloping
T5A,Miller,Dene,Redeveloping
T5A,Canon Ridge,Dene,Redeveloping
T5A,McLeod,Dene,Redeveloping
T5A,Clareview Town Centre,Dene,Developing
T5A,Kennedale Industrial,Dene,Industrial
T5A,Sifton Park,Dene,Redeveloping
T5A,Belvedere,Dene,Redeveloping
T5A,Industrial Heights,Métis,Industrial
T5A,Homesteader,Dene,Redeveloping
T5A,Overlanders,Dene,Redeveloping
T5A,River Valley Hermitage,Dene,River Valley
T5A,Belmont,Dene,Redeveloping
T5A,Kernohan,Dene,Redeveloping
T5A0A1,Belvedere,Dene,Redeveloping
T5A0A2,Belvedere,Dene,Redeveloping
T5A0A3,Kennedale Industrial,Dene,Industrial
T5A0A4,Kennedale Industrial,Dene,Industrial
T5A0A5,Kennedale Industrial,Dene,Industrial
T5A0A7,Kennedale Industrial,Dene,Industrial
T5A0A8,Belvedere,Dene,Redeveloping
T5A0A9,York,Dene,Redeveloping
T5A0B1,York,Dene,Redeveloping
T5A0B3,Belmont,Dene,Redeveloping
T5A0B4,Kennedale Industrial,Dene,Industrial
T5A0B4,Industrial Heights,Métis,Industrial
T5A0B5,Kennedale Industrial,Dene,Industrial
T5A0B6,Kennedale Industrial,Dene,Industrial
T5A0B7,Kennedale Industrial,Dene,Industrial
T5A0B8,Kennedale Industrial,Dene,Industrial
T5A0B9,Kennedale Industrial,Dene,Industrial
T5A0C1,Kennedale Industrial,Dene,Industrial
T5A0C4,Belmont,Dene,Redeveloping
T5A0C5,Kennedale Industrial,Dene,Industrial
T5A0C6,Kennedale Industrial,Dene,Industrial
T5A0C7,Kennedale Industrial,Dene,Industrial
T5A0C8,Kennedale Industrial,Dene,Industrial
T5A0C9,Kennedale Industrial,Dene,Industrial
T5A0E1,Kennedale Industrial,Dene,Industrial
T5A0E2,Canon Ridge,Dene,Redeveloping
T5A0E2,River Valley Hermitage,Dene,River Valley
T5A0E3,Belmont,Dene,Redeveloping
T5A0E4,Kennedale Industrial,Dene,Industrial
T5A0E4,Belvedere,Dene,Redeveloping
T5A0E7,Kennedale Industrial,Dene,Industrial
T5A0E8,Canon Ridge,Dene,Redeveloping
T5A0E9,Canon Ridge,Dene,Redeveloping
T5A0E9,River Valley Hermitage,Dene,River Valley
T5A0G1,Belvedere,Dene,Redeveloping
T5A0G2,Belvedere,Dene,Redeveloping
T5A0G3,Belvedere,Dene,Redeveloping
T5A0G4,Belmont,Dene,Redeveloping
T5A0G5,Belvedere,Dene,Redeveloping
T5A0G6,Belvedere,Dene,Redeveloping
T5A0G7,Belvedere,Dene,Redeveloping
T5A0G8,Belvedere,Dene,Redeveloping
T5A0G9,Belvedere,Dene,Redeveloping
T5A0H1,Belvedere,Dene,Redeveloping
T5A0H2,Belvedere,Dene,Redeveloping
T5A0H3,Belvedere,Dene,Redeveloping
T5A0H4,Belvedere,Dene,Redeveloping
T5A0H5,Belvedere,Dene,Redeveloping
T5A0H6,Belvedere,Dene,Redeveloping
T5A0H7,Belvedere,Dene,Redeveloping
T5A0H8,Belvedere,Dene,Redeveloping
T5A0H9,Belvedere,Dene,Redeveloping
T5A0J1,Belvedere,Dene,Redeveloping
T5A0J2,Belvedere,Dene,Redeveloping
T5A0J3,Belvedere,Dene,Redeveloping
T5A0J4,Belvedere,Dene,Redeveloping
T5A0J5,Belvedere,Dene,Redeveloping
T5A0J6,Belvedere,Dene,Redeveloping
T5A0J7,Belvedere,Dene,Redeveloping
T5A0J8,Belvedere,Dene,Redeveloping
T5A0J9,Belvedere,Dene,Redeveloping
T5A0K1,Belvedere,Dene,Redeveloping
T5A0K2,Belvedere,Dene,Redeveloping
T5A0K3,Belvedere,Dene,Redeveloping
T5A0K4,Belvedere,Dene,Redeveloping
T5A0K5,Belvedere,Dene,Redeveloping
T5A0K6,Belvedere,Dene,Redeveloping
T5A0K7,Belvedere,Dene,Redeveloping
T5A0K8,Belvedere,Dene,Redeveloping
T5A0K9,Belvedere,Dene,Redeveloping
T5A0L1,Belvedere,Dene,Redeveloping
T5A0L2,Belvedere,Dene,Redeveloping
T5A0L3,Belvedere,Dene,Redeveloping
T5A0L4,Belvedere,Dene,Redeveloping
T5A0L5,Belvedere,Dene,Redeveloping
T5A0L6,Belvedere,Dene,Redeveloping
T5A0L7,Belvedere,Dene,Redeveloping
T5A0L8,Belvedere,Dene,Redeveloping
T5A0L9,Belvedere,Dene,Redeveloping
T5A0M1,Belvedere,Dene,Redeveloping
T5A0M3,Belvedere,Dene,Redeveloping
T5A0M4,Belvedere,Dene,Redeveloping
T5A0M5,Belvedere,Dene,Redeveloping
T5A0M6,Belvedere,Dene,Redeveloping
T5A0M7,Belvedere,Dene,Redeveloping
T5A0M8,Belvedere,Dene,Redeveloping
T5A0N1,Belvedere,Dene,Redeveloping
T5A0N2,Belvedere,Dene,Redeveloping
T5A0N3,Belvedere,Dene,Redeveloping
T5A0N4,Belvedere,Dene,Redeveloping
T5A0N5,Belvedere,Dene,Redeveloping
T5A0N6,Belvedere,Dene,Redeveloping
T5A0N7,Belvedere,Dene,Redeveloping
T5A0N8,Belvedere,Dene,Redeveloping
T5A0N9,Belvedere,Dene,Redeveloping
T5A0P1,Belvedere,Dene,Redeveloping
T5A0P2,Belvedere,Dene,Redeveloping
T5A0P3,Belvedere,Dene,Redeveloping
T5A0P5,Canon Ridge,Dene,Redeveloping
T5A0P6,Belvedere,Dene,Redeveloping
T5A0P7,Belvedere,Dene,Redeveloping
T5A0P8,Canon Ridge,Dene,Redeveloping
T5A0P8,River Valley Hermitage,Dene,River Valley
T5A0P9,Belvedere,Dene,Redeveloping
T5A0R1,Belvedere,Dene,Redeveloping
T5A0R2,Belvedere,Dene,Redeveloping
T5A0R3,Belvedere,Dene,Redeveloping
T5A0R4,Belvedere,Dene,Redeveloping
T5A0R5,Belvedere,Dene,Redeveloping
T5A0R6,Belvedere,Dene,Redeveloping
T5A0R7,Belvedere,Dene,Redeveloping
T5A0R8,Belvedere,Dene,Redeveloping
T5A0R9,Belvedere,Dene,Redeveloping
T5A0S1,Belvedere,Dene,Redeveloping
T5A0S2,Belvedere,Dene,Redeveloping
T5A0S3,Belvedere,Dene,Redeveloping
T5A0S4,Belvedere,Dene,Redeveloping
T5A0S5,Belvedere,Dene,Redeveloping
T5A0S6,Belvedere,Dene,Redeveloping
T5A0S7,Belvedere,Dene,Redeveloping
T5A0S8,Belvedere,Dene,Redeveloping
T5A0S9,Miller,Dene,Redeveloping
T5A0T1,Canon Ridge,Dene,Redeveloping
T5A0T2,Belvedere,Dene,Redeveloping
T5A0T3,Belvedere,Dene,Redeveloping
T5A0T4,Belvedere,Dene,Redeveloping
T5A0T5,Belvedere,Dene,Redeveloping
T5A0T6,Belvedere,Dene,Redeveloping
T5A0T7,Belvedere,Dene,Redeveloping
T5A0T8,Belvedere,Dene,Redeveloping
T5A0T9,Belvedere,Dene,Redeveloping
T5A0V1,Belvedere,Dene,Redeveloping
T5A0V2,Belvedere,Dene,Redeveloping
T5A0V3,Belvedere,Dene,Redeveloping
T5A0V4,Belvedere,Dene,Redeveloping
T5A0V5,Belvedere,Dene,Redeveloping
T5A0V6,Belvedere,Dene,Redeveloping
T5A0V7,Belvedere,Dene,Redeveloping
T5A0V8,Belvedere,Dene,Redeveloping
T5A0V9,Belvedere,Dene,Redeveloping
T5A0W3,Belvedere,Dene,Redeveloping
T5A0W4,Belvedere,Dene,Redeveloping
T5A0W5,Belvedere,Dene,Redeveloping
T5A0W6,Belvedere,Dene,Redeveloping
T5A0W7,Belvedere,Dene,Redeveloping
T5A0W8,Belvedere,Dene,Redeveloping
T5A0W9,Belvedere,Dene,Redeveloping
T5A0X1,Belvedere,Dene,Redeveloping
T5A0X2,Belvedere,Dene,Redeveloping
T5A0X3,Belvedere,Dene,Redeveloping
T5A0X4,York,Dene,Redeveloping
T5A0X6,Belvedere,Dene,Redeveloping
T5A0X7,Belvedere,Dene,Redeveloping
T5A0X8,Canon Ridge,Dene,Redeveloping
T5A0X8,River Valley Hermitage,Dene,River Valley
T5A0X9,Belvedere,Dene,Redeveloping
T5A0Y1,Belvedere,Dene,Redeveloping
T5A0Y2,Belvedere,Dene,Redeveloping
T5A0Y3,Belvedere,Dene,Redeveloping
T5A0Y4,Belvedere,Dene,Redeveloping
T5A0Y5,Belvedere,Dene,Redeveloping
T5A0Y6,Belvedere,Dene,Redeveloping
T5A0Y7,Belvedere,Dene,Redeveloping
T5A0Y8,Belvedere,Dene,Redeveloping
T5A0Y9,Belvedere,Dene,Redeveloping
T5A0Z1,Belvedere,Dene,Redeveloping
T5A0Z2,Belvedere,Dene,Redeveloping
T5A0Z3,Belvedere,Dene,Redeveloping
T5A0Z6,Kernohan,Dene,Redeveloping
T5A0Z7,Belvedere,Dene,Redeveloping
T5A0Z8,Belvedere,Dene,Redeveloping
T5A0Z9,Belvedere,Dene,Redeveloping
T5A1A1,Belvedere,Dene,Redeveloping
T5A1A2,Belvedere,Dene,Redeveloping
T5A1A3,Belvedere,Dene,Redeveloping
T5A1A4,Belvedere,Dene,Redeveloping
T5A1A5,Belvedere,Dene,Redeveloping
T5A1A6,Belvedere,Dene,Redeveloping
T5A1A8,Belvedere,Dene,Redeveloping
T5A1B1,Belvedere,Dene,Redeveloping
T5A1B4,Belvedere,Dene,Redeveloping
T5A1B5,Casselman,Dene,Redeveloping
T5A1B6,Kennedale Industrial,Dene,Industrial
T5A1B6,Belvedere,Dene,Redeveloping
T5A1B7,Kennedale Industrial,Dene,Industrial
T5A1B8,Belvedere,Dene,Redeveloping
T5A1B9,Belvedere,Dene,Redeveloping
T5A1C2,Belvedere,Dene,Redeveloping
T5A1C3,Kennedale Industrial,Dene,Industrial
T5A1C3,Belvedere,Dene,Redeveloping
T5A1C4,Belvedere,Dene,Redeveloping
T5A1C5,Belvedere,Dene,Redeveloping
T5A1C6,Belvedere,Dene,Redeveloping
T5A1C8,York,Dene,Redeveloping
T5A1C9,York,Dene,Redeveloping
T5A1E1,York,Dene,Redeveloping
T5A1E2,York,Dene,Redeveloping
T5A1E3,York,Dene,Redeveloping
T5A1E4,York,Dene,Redeveloping
T5A1E5,York,Dene,Redeveloping
T5A1E6,York,Dene,Redeveloping
T5A1E7,York,Dene,Redeveloping
T5A1E8,York,Dene,Redeveloping
T5A1E9,York,Dene,Redeveloping
T5A1G1,York,Dene,Redeveloping
T5A1G2,York,Dene,Redeveloping
T5A1G3,York,Dene,Redeveloping
T5A1G4,York,Dene,Redeveloping
T5A1G5,York,Dene,Redeveloping
T5A1G6,York,Dene,Redeveloping
T5A1G7,York,Dene,Redeveloping
T5A1G8,York,Dene,Redeveloping
T5A1G9,York,Dene,Redeveloping
T5A1H1,York,Dene,Redeveloping
T5A1H2,York,Dene,Redeveloping
T5A1H3,York,Dene,Redeveloping
T5A1H4,York,Dene,Redeveloping
T5A1H5,York,Dene,Redeveloping
T5A1H6,York,Dene,Redeveloping
T5A1H7,York,Dene,Redeveloping
T5A1H8,York,Dene,Redeveloping
T5A1H9,York,Dene,Redeveloping
T5A1J1,York,Dene,Redeveloping
T5A1J2,York,Dene,Redeveloping
T5A1J3,York,Dene,Redeveloping
T5A1J4,York,Dene,Redeveloping
T5A1J5,York,Dene,Redeveloping
T5A1J6,York,Dene,Redeveloping
T5A1J7,York,Dene,Redeveloping
T5A1J8,York,Dene,Redeveloping
T5A1J9,York,Dene,Redeveloping
T5A1K1,York,Dene,Redeveloping
T5A1K2,York,Dene,Redeveloping
T5A1K3,York,Dene,Redeveloping
T5A1K4,York,Dene,Redeveloping
T5A1K5,McLeod,Dene,Redeveloping
T5A1K6,York,Dene,Redeveloping
T5A1K7,York,Dene,Redeveloping
T5A1K8,York,Dene,Redeveloping
T5A1K9,McLeod,Dene,Redeveloping
T5A1L1,York,Dene,Redeveloping
T5A1L2,McLeod,Dene,Redeveloping
T5A1L3,Homesteader,Dene,Redeveloping
T5A1L4,Belvedere,Dene,Redeveloping
T5A1L5,York,Dene,Redeveloping
T5A1L6,York,Dene,Redeveloping
T5A1L7,York,Dene,Redeveloping
T5A1L8,York,Dene,Redeveloping
T5A1L9,York,Dene,Redeveloping
T5A1M1,York,Dene,Redeveloping
T5A1M2,York,Dene,Redeveloping
T5A1M3,York,Dene,Redeveloping
T5A1M4,York,Dene,Redeveloping
T5A1M5,York,Dene,Redeveloping
T5A1M6,York,Dene,Redeveloping
T5A1M7,York,Dene,Redeveloping
T5A1M8,York,Dene,Redeveloping
T5A1M9,York,Dene,Redeveloping
T5A1N1,York,Dene,Redeveloping
T5A1N2,York,Dene,Redeveloping
T5A1N3,York,Dene,Redeveloping
T5A1N4,York,Dene,Redeveloping
T5A1N5,York,Dene,Redeveloping
T5A1N6,York,Dene,Redeveloping
T5A1N7,York,Dene,Redeveloping
T5A1N8,York,Dene,Redeveloping
T5A1N9,York,Dene,Redeveloping
T5A1P1,York,Dene,Redeveloping
T5A1P2,York,Dene,Redeveloping
T5A1P3,York,Dene,Redeveloping
T5A1P4,York,Dene,Redeveloping
T5A1P5,York,Dene,Redeveloping
T5A1P6,York,Dene,Redeveloping
T5A1P7,York,Dene,Redeveloping
T5A1P8,York,Dene,Redeveloping
T5A1P9,York,Dene,Redeveloping
T5A1R1,York,Dene,Redeveloping
T5A1R2,York,Dene,Redeveloping
T5A1R3,York,Dene,Redeveloping
T5A1R4,York,Dene,Redeveloping
T5A1R5,York,Dene,Redeveloping
T5A1R6,York,Dene,Redeveloping
T5A1R7,York,Dene,Redeveloping
T5A1R8,York,Dene,Redeveloping
T5A1R9,York,Dene,Redeveloping
T5A1S1,Homesteader,Dene,Redeveloping
T5A1S2,McLeod,Dene,Redeveloping
T5A1S3,McLeod,Dene,Redeveloping
T5A1S4,McLeod,Dene,Redeveloping
T5A1S5,McLeod,Dene,Redeveloping
T5A1S6,McLeod,Dene,Redeveloping
T5A1S7,McLeod,Dene,Redeveloping
T5A1S8,McLeod,Dene,Redeveloping
T5A1S9,McLeod,Dene,Redeveloping
T5A1T1,McLeod,Dene,Redeveloping
T5A1T2,McLeod,Dene,Redeveloping
T5A1T3,McLeod,Dene,Redeveloping
T5A1T4,McLeod,Dene,Redeveloping
T5A1T5,McLeod,Dene,Redeveloping
T5A1T6,McLeod,Dene,Redeveloping
T5A1T7,McLeod,Dene,Redeveloping
T5A1T8,McLeod,Dene,Redeveloping
T5A1T9,McLeod,Dene,Redeveloping
T5A1V1,McLeod,Dene,Redeveloping
T5A1V2,McLeod,Dene,Redeveloping
T5A1V3,McLeod,Dene,Redeveloping
T5A1V4,Homesteader,Dene,Redeveloping
T5A1V5,Homesteader,Dene,Redeveloping
T5A1V6,McLeod,Dene,Redeveloping
T5A1V7,McLeod,Dene,Redeveloping
T5A1V8,McLeod,Dene,Redeveloping
T5A1V9,McLeod,Dene,Redeveloping
T5A1W1,McLeod,Dene,Redeveloping
T5A1W2,McLeod,Dene,Redeveloping
T5A1W3,McLeod,Dene,Redeveloping
T5A1W4,McLeod,Dene,Redeveloping
T5A1W5,McLeod,Dene,Redeveloping
T5A1W6,McLeod,Dene,Redeveloping
T5A1W7,McLeod,Dene,Redeveloping
T5A1W8,McLeod,Dene,Redeveloping
T5A1W9,McLeod,Dene,Redeveloping
T5A1X1,McLeod,Dene,Redeveloping
T5A1X2,McLeod,Dene,Redeveloping
T5A1X3,McLeod,Dene,Redeveloping
T5A1X4,York,Dene,Redeveloping
T5A1X5,McLeod,Dene,Redeveloping
T5A1X6,McLeod,Dene,Redeveloping
T5A1X7,McLeod,Dene,Redeveloping
T5A1X8,McLeod,Dene,Redeveloping
T5A1X9,McLeod,Dene,Redeveloping
T5A1Y1,McLeod,Dene,Redeveloping
T5A1Y2,McLeod,Dene,Redeveloping
T5A1Y3,Casselman,Dene,Redeveloping
T5A1Y3,McLeod,Dene,Redeveloping
T5A1Y4,McLeod,Dene,Redeveloping
T5A1Y5,McLeod,Dene,Redeveloping
T5A1Y6,McLeod,Dene,Redeveloping
T5A1Y7,McLeod,Dene,Redeveloping
T5A1Y8,McLeod,Dene,Redeveloping
T5A1Y9,McLeod,Dene,Redeveloping
T5A1Z1,McLeod,Dene,Redeveloping
T5A1Z2,McLeod,Dene,Redeveloping
T5A1Z3,McLeod,Dene,Redeveloping
T5A1Z4,McLeod,Dene,Redeveloping
T5A1Z5,McLeod,Dene,Redeveloping
T5A1Z6,McLeod,Dene,Redeveloping
T5A1Z7,McLeod,Dene,Redeveloping
T5A1Z8,McLeod,Dene,Redeveloping
T5A1Z9,McLeod,Dene,Redeveloping
T5A2A1,McLeod,Dene,Redeveloping
T5A2A2,McLeod,Dene,Redeveloping
T5A2A3,McLeod,Dene,Redeveloping
T5A2A4,McLeod,Dene,Redeveloping
T5A2A5,McLeod,Dene,Redeveloping
T5A2A6,McLeod,Dene,Redeveloping
T5A2A7,McLeod,Dene,Redeveloping
T5A2A8,McLeod,Dene,Redeveloping
T5A2A9,McLeod,Dene,Redeveloping
T5A2B1,McLeod,Dene,Redeveloping
T5A2B2,McLeod,Dene,Redeveloping
T5A2B3,McLeod,Dene,Redeveloping
T5A2B4,McLeod,Dene,Redeveloping
T5A2B5,McLeod,Dene,Redeveloping
T5A2B6,McLeod,Dene,Redeveloping
T5A2B7,McLeod,Dene,Redeveloping
T5A2B8,McLeod,Dene,Redeveloping
T5A2B9,McLeod,Dene,Redeveloping
T5A2C1,McLeod,Dene,Redeveloping
T5A2C2,McLeod,Dene,Redeveloping
T5A2C3,McLeod,Dene,Redeveloping
T5A2C4,McLeod,Dene,Redeveloping
T5A2C5,McLeod,Dene,Redeveloping
T5A2C6,McLeod,Dene,Redeveloping
T5A2C7,McLeod,Dene,Redeveloping
T5A2C8,McLeod,Dene,Redeveloping
T5A2C9,McLeod,Dene,Redeveloping
T5A2E1,McLeod,Dene,Redeveloping
T5A2E2,McLeod,Dene,Redeveloping
T5A2E3,McLeod,Dene,Redeveloping
T5A2E4,McLeod,Dene,Redeveloping
T5A2E6,Kennedale Industrial,Dene,Industrial
T5A2E7,Kennedale Industrial,Dene,Industrial
T5A2E8,Kennedale Industrial,Dene,Industrial
T5A2E9,McLeod,Dene,Redeveloping
T5A2G1,Belvedere,Dene,Redeveloping
T5A2G2,Belvedere,Dene,Redeveloping
T5A2G3,York,Dene,Redeveloping
T5A2G4,Belvedere,Dene,Redeveloping
T5A2G5,Belvedere,Dene,Redeveloping
T5A2G6,Belvedere,Dene,Redeveloping
T5A2G7,Belvedere,Dene,Redeveloping
T5A2G8,Belvedere,Dene,Redeveloping
T5A2G9,Belvedere,Dene,Redeveloping
T5A2H1,Belvedere,Dene,Redeveloping
T5A2H2,Belvedere,Dene,Redeveloping
T5A2H3,Belvedere,Dene,Redeveloping
T5A2H4,Belvedere,Dene,Redeveloping
T5A2H5,Belvedere,Dene,Redeveloping
T5A2H8,Kennedale Industrial,Dene,Industrial
T5A2H9,Casselman,Dene,Redeveloping
T5A2J1,Kennedale Industrial,Dene,Industrial
T5A2J2,Homesteader,Dene,Redeveloping
T5A2J3,Homesteader,Dene,Redeveloping
T5A2J4,Homesteader,Dene,Redeveloping
T5A2J5,Homesteader,Dene,Redeveloping
T5A2J6,Homesteader,Dene,Redeveloping
T5A2J7,Homesteader,Dene,Redeveloping
T5A2J8,Homesteader,Dene,Redeveloping
T5A2J9,Homesteader,Dene,Redeveloping
T5A2K1,Homesteader,Dene,Redeveloping
T5A2K2,Homesteader,Dene,Redeveloping
T5A2K3,Homesteader,Dene,Redeveloping
T5A2K4,Homesteader,Dene,Redeveloping
T5A2K6,Casselman,Dene,Redeveloping
T5A2K7,Casselman,Dene,Redeveloping
T5A2K7,McLeod,Dene,Redeveloping
T5A2K8,Casselman,Dene,Redeveloping
T5A2K9,Casselman,Dene,Redeveloping
T5A2L1,Casselman,Dene,Redeveloping
T5A2L2,Casselman,Dene,Redeveloping
T5A2L3,Casselman,Dene,Redeveloping
T5A2L4,Casselman,Dene,Redeveloping
T5A2L5,Casselman,Dene,Redeveloping
T5A2L6,Casselman,Dene,Redeveloping
T5A2L7,Casselman,Dene,Redeveloping
T5A2L8,Casselman,Dene,Redeveloping
T5A2L9,Casselman,Dene,Redeveloping
T5A2M1,Casselman,Dene,Redeveloping
T5A2M2,McLeod,Dene,Redeveloping
T5A2M3,Homesteader,Dene,Redeveloping
T5A2M4,Homesteader,Dene,Redeveloping
T5A2M5,Homesteader,Dene,Redeveloping
T5A2M6,Homesteader,Dene,Redeveloping
T5A2M6,River Valley Hermitage,Dene,River Valley
T5A2M7,Homesteader,Dene,Redeveloping
T5A2M8,Casselman,Dene,Redeveloping
T5A2M9,Homesteader,Dene,Redeveloping
T5A2N1,Belmont,Dene,Redeveloping
T5A2N2,Sifton Park,Dene,Redeveloping
T5A2N3,Homesteader,Dene,Redeveloping
T5A2N4,Casselman,Dene,Redeveloping
T5A2N4,McLeod,Dene,Redeveloping
T5A2N5,Sifton Park,Dene,Redeveloping
T5A2N6,Sifton Park,Dene,Redeveloping
T5A2N7,Sifton Park,Dene,Redeveloping
T5A2N8,Belmont,Dene,Redeveloping
T5A2N9,Sifton Park,Dene,Redeveloping
T5A2P1,Belmont,Dene,Redeveloping
T5A2P2,Belmont,Dene,Redeveloping
T5A2P3,Belmont,Dene,Redeveloping
T5A2P4,Belmont,Dene,Redeveloping
T5A2P5,Belmont,Dene,Redeveloping
T5A2P6,Belmont,Dene,Redeveloping
T5A2P7,Belmont,Dene,Redeveloping
T5A2P8,Sifton Park,Dene,Redeveloping
T5A2P9,Sifton Park,Dene,Redeveloping
T5A2R1,Sifton Park,Dene,Redeveloping
T5A2R2,Sifton Park,Dene,Redeveloping
T5A2R3,Sifton Park,Dene,Redeveloping
T5A2R4,Homesteader,Dene,Redeveloping
T5A2R5,Homesteader,Dene,Redeveloping
T5A2R6,Homesteader,Dene,Redeveloping
T5A2R7,Homesteader,Dene,Redeveloping
T5A2R8,Homesteader,Dene,Redeveloping
T5A2R9,Belmont,Dene,Redeveloping
T5A2S1,Casselman,Dene,Redeveloping
T5A2S2,Casselman,Dene,Redeveloping
T5A2S3,Homesteader,Dene,Redeveloping
T5A2S4,Homesteader,Dene,Redeveloping
T5A2S5,Homesteader,Dene,Redeveloping
T5A2S5,River Valley Hermitage,Dene,River Valley
T5A2S6,Sifton Park,Dene,Redeveloping
T5A2S6,River Valley Hermitage,Dene,River Valley
T5A2S7,Sifton Park,Dene,Redeveloping
T5A2S8,Sifton Park,Dene,Redeveloping
T5A2S9,Sifton Park,Dene,Redeveloping
T5A2T1,Sifton Park,Dene,Redeveloping
T5A2T2,Sifton Park,Dene,Redeveloping
T5A2T3,Sifton Park,Dene,Redeveloping
T5A2T4,Sifton Park,Dene,Redeveloping
T5A2T5,Sifton Park,Dene,Redeveloping
T5A2T6,Sifton Park,Dene,Redeveloping
T5A2T7,Sifton Park,Dene,Redeveloping
T5A2T8,Sifton Park,Dene,Redeveloping
T5A2T9,Sifton Park,Dene,Redeveloping
T5A2V1,Sifton Park,Dene,Redeveloping
T5A2V2,Sifton Park,Dene,Redeveloping
T5A2V3,Sifton Park,Dene,Redeveloping
T5A2V4,Sifton Park,Dene,Redeveloping
T5A2V5,Sifton Park,Dene,Redeveloping
T5A2V6,Belmont,Dene,Redeveloping
T5A2V7,Belmont,Dene,Redeveloping
T5A2V8,Belmont,Dene,Redeveloping
T5A2V9,Belmont,Dene,Redeveloping
T5A2W1,Belmont,Dene,Redeveloping
T5A2W2,Belmont,Dene,Redeveloping
T5A2W3,Belmont,Dene,Redeveloping
T5A2W4,Belmont,Dene,Redeveloping
T5A2W5,Belmont,Dene,Redeveloping
T5A2W6,Belmont,Dene,Redeveloping
T5A2W7,Belmont,Dene,Redeveloping
T5A2W8,Sifton Park,Dene,Redeveloping
T5A2W9,Homesteader,Dene,Redeveloping
T5A2X1,Homesteader,Dene,Redeveloping
T5A2X2,Homesteader,Dene,Redeveloping
T5A2X3,Homesteader,Dene,Redeveloping
T5A2X4,Homesteader,Dene,Redeveloping
T5A2X5,Homesteader,Dene,Redeveloping
T5A2X5,River Valley Hermitage,Dene,River Valley
T5A2X6,Homesteader,Dene,Redeveloping
T5A2X7,Homesteader,Dene,Redeveloping
T5A2X8,Homesteader,Dene,Redeveloping
T5A2X9,Homesteader,Dene,Redeveloping
T5A2Y1,Homesteader,Dene,Redeveloping
T5A2Y1,Overlanders,Dene,Redeveloping
T5A2Y1,River Valley Hermitage,Dene,River Valley
T5A2Y2,Homesteader,Dene,Redeveloping
T5A2Y3,Homesteader,Dene,Redeveloping
T5A2Y4,Homesteader,Dene,Redeveloping
T5A2Y5,Belmont,Dene,Redeveloping
T5A2Y6,Sifton Park,Dene,Redeveloping
T5A2Y7,Sifton Park,Dene,Redeveloping
T5A2Y8,Homesteader,Dene,Redeveloping
T5A2Y9,Belmont,Dene,Redeveloping
T5A2Z1,Belmont,Dene,Redeveloping
T5A2Z2,Belmont,Dene,Redeveloping
T5A2Z3,Belmont,Dene,Redeveloping
T5A2Z4,Belmont,Dene,Redeveloping
T5A2Z5,Belmont,Dene,Redeveloping
T5A2Z6,Belmont,Dene,Redeveloping
T5A2Z7,Belmont,Dene,Redeveloping
T5A2Z8,Belmont,Dene,Redeveloping
T5A2Z9,Belmont,Dene,Redeveloping
T5A3A1,Belmont,Dene,Redeveloping
T5A3A2,Belmont,Dene,Redeveloping
T5A3A3,Belmont,Dene,Redeveloping
T5A3A4,Belmont,Dene,Redeveloping
T5A3A5,Belmont,Dene,Redeveloping
T5A3A6,Sifton Park,Dene,Redeveloping
T5A3A6,Homesteader,Dene,Redeveloping
T5A3A6,River Valley Hermitage,Dene,River Valley
T5A3A7,McLeod,Dene,Redeveloping
T5A3A8,Casselman,Dene,Redeveloping
T5A3A9,River Valley Hermitage,Dene,River Valley
T5A3A9,Belmont,Dene,Redeveloping
T5A3B1,Belmont,Dene,Redeveloping
T5A3B2,Belmont,Dene,Redeveloping
T5A3B3,Belmont,Dene,Redeveloping
T5A3B4,River Valley Hermitage,Dene,River Valley
T5A3B4,Belmont,Dene,Redeveloping
T5A3B5,Belmont,Dene,Redeveloping
T5A3B6,Belmont,Dene,Redeveloping
T5A3B7,Belmont,Dene,Redeveloping
T5A3B8,Belmont,Dene,Redeveloping
T5A3B9,Belmont,Dene,Redeveloping
T5A3C1,Belmont,Dene,Redeveloping
T5A3C2,Belmont,Dene,Redeveloping
T5A3C3,Belmont,Dene,Redeveloping
T5A3C4,Belmont,Dene,Redeveloping
T5A3C5,Belmont,Dene,Redeveloping
T5A3C6,Belmont,Dene,Redeveloping
T5A3C7,Belmont,Dene,Redeveloping
T5A3C8,Belmont,Dene,Redeveloping
T5A3C9,Belmont,Dene,Redeveloping
T5A3E1,Belmont,Dene,Redeveloping
T5A3E2,Belmont,Dene,Redeveloping
T5A3E3,Belmont,Dene,Redeveloping
T5A3E4,Belmont,Dene,Redeveloping
T5A3E5,Belmont,Dene,Redeveloping
T5A3E6,Belmont,Dene,Redeveloping
T5A3E7,Belmont,Dene,Redeveloping
T5A3E8,Belmont,Dene,Redeveloping
T5A3E9,Belmont,Dene,Redeveloping
T5A3G1,Belmont,Dene,Redeveloping
T5A3G2,Belmont,Dene,Redeveloping
T5A3G3,Belmont,Dene,Redeveloping
T5A3G4,Belmont,Dene,Redeveloping
T5A3G5,Belmont,Dene,Redeveloping
T5A3G6,Belmont,Dene,Redeveloping
T5A3G7,Sifton Park,Dene,Redeveloping
T5A3G7,Homesteader,Dene,Redeveloping
T5A3G7,River Valley Hermitage,Dene,River Valley
T5A3G8,Sifton Park,Dene,Redeveloping
T5A3G8,River Valley Hermitage,Dene,River Valley
T5A3G9,Sifton Park,Dene,Redeveloping
T5A3H1,Sifton Park,Dene,Redeveloping
T5A3H2,Sifton Park,Dene,Redeveloping
T5A3H3,Sifton Park,Dene,Redeveloping
T5A3H4,Sifton Park,Dene,Redeveloping
T5A3H5,Sifton Park,Dene,Redeveloping
T5A3H5,River Valley Hermitage,Dene,River Valley
T5A3H6,Sifton Park,Dene,Redeveloping
T5A3H7,Belmont,Dene,Redeveloping
T5A3H8,Belmont,Dene,Redeveloping
T5A3H9,Sifton Park,Dene,Redeveloping
T5A3J1,Casselman,Dene,Redeveloping
T5A3J2,Casselman,Dene,Redeveloping
T5A3J3,Casselman,Dene,Redeveloping
T5A3J4,Belmont,Dene,Redeveloping
T5A3J5,Belmont,Dene,Redeveloping
T5A3J6,Sifton Park,Dene,Redeveloping
T5A3J7,Belmont,Dene,Redeveloping
T5A3J8,Belmont,Dene,Redeveloping
T5A3J9,Belmont,Dene,Redeveloping
T5A3K1,Belmont,Dene,Redeveloping
T5A3K2,Belmont,Dene,Redeveloping
T5A3K3,Belmont,Dene,Redeveloping
T5A3K4,Belmont,Dene,Redeveloping
T5A3K5,Casselman,Dene,Redeveloping
T5A3K6,Homesteader,Dene,Redeveloping
T5A3K7,Belmont,Dene,Redeveloping
T5A3K8,Homesteader,Dene,Redeveloping
T5A3K8,River Valley Hermitage,Dene,River Valley
T5A3K9,Homesteader,Dene,Redeveloping
T5A3K9,River Valley Hermitage,Dene,River Valley
T5A3L1,Homesteader,Dene,Redeveloping
T5A3L1,River Valley Hermitage,Dene,River Valley
T5A3L2,Belmont,Dene,Redeveloping
T5A3L3,Sifton Park,Dene,Redeveloping
T5A3L4,Belvedere,Dene,Redeveloping
T5A3L5,Sifton Park,Dene,Redeveloping
T5A3L5,River Valley Hermitage,Dene,River Valley
T5A3L6,Casselman,Dene,Redeveloping
T5A3L7,Kennedale Industrial,Dene,Industrial
T5A3L9,Belmont,Dene,Redeveloping
T5A3M1,River Valley Hermitage,Dene,River Valley
T5A3M1,Belmont,Dene,Redeveloping
T5A3M2,Sifton Park,Dene,Redeveloping
T5A3M3,Sifton Park,Dene,Redeveloping
T5A3M4,Sifton Park,Dene,Redeveloping
T5A3M5,Belmont,Dene,Redeveloping
T5A3M6,Sifton Park,Dene,Redeveloping
T5A3M7,Casselman,Dene,Redeveloping
T5A3M8,Homesteader,Dene,Redeveloping
T5A3M9,Homesteader,Dene,Redeveloping
T5A3N1,Belmont,Dene,Redeveloping
T5A3N2,Casselman,Dene,Redeveloping
T5A3N3,Casselman,Dene,Redeveloping
T5A3N4,Casselman,Dene,Redeveloping
T5A3N5,Casselman,Dene,Redeveloping
T5A3N6,Casselman,Dene,Redeveloping
T5A3N7,Casselman,Dene,Redeveloping
T5A3N8,Casselman,Dene,Redeveloping
T5A3N9,Casselman,Dene,Redeveloping
T5A3P1,Casselman,Dene,Redeveloping
T5A3P2,Belmont,Dene,Redeveloping
T5A3P3,Homesteader,Dene,Redeveloping
T5A3P4,Casselman,Dene,Redeveloping
T5A3P5,Belmont,Dene,Redeveloping
T5A3P6,Sifton Park,Dene,Redeveloping
T5A3P7,Homesteader,Dene,Redeveloping
T5A3P8,Kennedale Industrial,Dene,Industrial
T5A3P9,Homesteader,Dene,Redeveloping
T5A3R1,Casselman,Dene,Redeveloping
T5A3R2,Casselman,Dene,Redeveloping
T5A3R3,Casselman,Dene,Redeveloping
T5A3R4,Casselman,Dene,Redeveloping
T5A3R5,Sifton Park,Dene,Redeveloping
T5A3R5,River Valley Hermitage,Dene,River Valley
T5A3R6,Casselman,Dene,Redeveloping
T5A3R7,Casselman,Dene,Redeveloping
T5A3R8,Sifton Park,Dene,Redeveloping
T5A3R9,Sifton Park,Dene,Redeveloping
T5A3S1,Casselman,Dene,Redeveloping
T5A3S2,Casselman,Dene,Redeveloping
T5A3S3,Kernohan,Dene,Redeveloping
T5A3S4,Kernohan,Dene,Redeveloping
T5A3S5,Kernohan,Dene,Redeveloping
T5A3S6,Kernohan,Dene,Redeveloping
T5A3S7,Kernohan,Dene,Redeveloping
T5A3S8,Sifton Park,Dene,Redeveloping
T5A3S9,Sifton Park,Dene,Redeveloping
T5A3T1,Belmont,Dene,Redeveloping
T5A3T2,Kernohan,Dene,Redeveloping
T5A3T3,Kernohan,Dene,Redeveloping
T5A3T4,Kernohan,Dene,Redeveloping
T5A3T5,Belmont,Dene,Redeveloping
T5A3T6,Sifton Park,Dene,Redeveloping
T5A3T7,Sifton Park,Dene,Redeveloping
T5A3T8,Kernohan,Dene,Redeveloping
T5A3T9,Kernohan,Dene,Redeveloping
T5A3V1,Kernohan,Dene,Redeveloping
T5A3V2,Kernohan,Dene,Redeveloping
T5A3V3,Kernohan,Dene,Redeveloping
T5A3V4,Kernohan,Dene,Redeveloping
T5A3V5,Kernohan,Dene,Redeveloping
T5A3V6,Kernohan,Dene,Redeveloping
T5A3V7,Kernohan,Dene,Redeveloping
T5A3V8,Kernohan,Dene,Redeveloping
T5A3V9,Kernohan,Dene,Redeveloping
T5A3W1,Kernohan,Dene,Redeveloping
T5A3W2,Kernohan,Dene,Redeveloping
T5A3W3,Kernohan,Dene,Redeveloping
T5A3W4,Kernohan,Dene,Redeveloping
T5A3W5,Kernohan,Dene,Redeveloping
T5A3W6,Kernohan,Dene,Redeveloping
T5A3W7,Kernohan,Dene,Redeveloping
T5A3W8,Kernohan,Dene,Redeveloping
T5A3W9,Kernohan,Dene,Redeveloping
T5A3X1,Kernohan,Dene,Redeveloping
T5A3X2,Kernohan,Dene,Redeveloping
T5A3X3,Kernohan,Dene,Redeveloping
T5A3X4,Kernohan,Dene,Redeveloping
T5A3X5,River Valley Hermitage,Dene,River Valley
T5A3X5,Kernohan,Dene,Redeveloping
T5A3X6,Kernohan,Dene,Redeveloping
T5A3X7,Kernohan,Dene,Redeveloping
T5A3X8,Kernohan,Dene,Redeveloping
T5A3X9,Kernohan,Dene,Redeveloping
T5A3Y1,Kernohan,Dene,Redeveloping
T5A3Y2,Kernohan,Dene,Redeveloping
T5A3Y3,Kernohan,Dene,Redeveloping
T5A3Y4,River Valley Hermitage,Dene,River Valley
T5A3Y4,Kernohan,Dene,Redeveloping
T5A3Y5,Kernohan,Dene,Redeveloping
T5A3Y6,River Valley Hermitage,Dene,River Valley
T5A3Y6,Kernohan,Dene,Redeveloping
T5A3Y7,Kernohan,Dene,Redeveloping
T5A3Y8,Kernohan,Dene,Redeveloping
T5A3Y9,Kernohan,Dene,Redeveloping
T5A3Z1,Kernohan,Dene,Redeveloping
T5A3Z2,Kernohan,Dene,Redeveloping
T5A3Z3,Kernohan,Dene,Redeveloping
T5A3Z4,Kernohan,Dene,Redeveloping
T5A3Z5,Kernohan,Dene,Redeveloping
T5A3Z6,River Valley Hermitage,Dene,River Valley
T5A3Z6,Kernohan,Dene,Redeveloping
T5A3Z7,River Valley Hermitage,Dene,River Valley
T5A3Z7,Kernohan,Dene,Redeveloping
T5A3Z8,Kernohan,Dene,Redeveloping
T5A3Z9,Kernohan,Dene,Redeveloping
T5A4A1,Kernohan,Dene,Redeveloping
T5A4A2,River Valley Hermitage,Dene,River Valley
T5A4A2,Kernohan,Dene,Redeveloping
T5A4A3,Kernohan,Dene,Redeveloping
T5A4A4,Homesteader,Dene,Redeveloping
T5A4A5,Overlanders,Dene,Redeveloping
T5A4A6,Belmont,Dene,Redeveloping
T5A4A7,Sifton Park,Dene,Redeveloping
T5A4A9,Belvedere,Dene,Redeveloping
T5A4B2,Kernohan,Dene,Redeveloping
T5A4B3,Kernohan,Dene,Redeveloping
T5A4B4,Kernohan,Dene,Redeveloping
T5A4B5,Kernohan,Dene,Redeveloping
T5A4B6,Kernohan,Dene,Redeveloping
T5A4B7,Kernohan,Dene,Redeveloping
T5A4B8,Kernohan,Dene,Redeveloping
T5A4B9,River Valley Hermitage,Dene,River Valley
T5A4B9,Kernohan,Dene,Redeveloping
T5A4C1,Overlanders,Dene,Redeveloping
T5A4C2,Overlanders,Dene,Redeveloping
T5A4C3,Overlanders,Dene,Redeveloping
T5A4C4,Overlanders,Dene,Redeveloping
T5A4C5,Overlanders,Dene,Redeveloping
T5A4C6,Overlanders,Dene,Redeveloping
T5A4C7,Overlanders,Dene,Redeveloping
T5A4C8,Overlanders,Dene,Redeveloping
T5A4C9,Overlanders,Dene,Redeveloping
T5A4E1,Overlanders,Dene,Redeveloping
T5A4E2,Overlanders,Dene,Redeveloping
T5A4E3,Kernohan,Dene,Redeveloping
T5A4E4,Overlanders,Dene,Redeveloping
T5A4E5,Overlanders,Dene,Redeveloping
T5A4E6,Overlanders,Dene,Redeveloping
T5A4E7,Belvedere,Dene,Redeveloping
T5A4E8,Casselman,Dene,Redeveloping
T5A4E9,Casselman,Dene,Redeveloping
T5A4G1,Kernohan,Dene,Redeveloping
T5A4G2,Kennedale Industrial,Dene,Industrial
T5A4G3,Kernohan,Dene,Redeveloping
T5A4G4,Kernohan,Dene,Redeveloping
T5A4G5,Kernohan,Dene,Redeveloping
T5A4G6,Kernohan,Dene,Redeveloping
T5A4G7,Kernohan,Dene,Redeveloping
T5A4G8,Kernohan,Dene,Redeveloping
T5A4G9,Kernohan,Dene,Redeveloping
T5A4H1,River Valley Hermitage,Dene,River Valley
T5A4H1,Kernohan,Dene,Redeveloping
T5A4H2,Kernohan,Dene,Redeveloping
T5A4H3,Kennedale Industrial,Dene,Industrial
T5A4H4,Casselman,Dene,Redeveloping
T5A4H5,Casselman,Dene,Redeveloping
T5A4H6,Casselman,Dene,Redeveloping
T5A4H7,Homesteader,Dene,Redeveloping
T5A4H7,River Valley Hermitage,Dene,River Valley
T5A4H8,Homesteader,Dene,Redeveloping
T5A4H8,River Valley Hermitage,Dene,River Valley
T5A4H9,Kernohan,Dene,Redeveloping
T5A4J1,Kernohan,Dene,Redeveloping
T5A4J2,Casselman,Dene,Redeveloping
T5A4J3,Kernohan,Dene,Redeveloping
T5A4J4,Canon Ridge,Dene,Redeveloping
T5A4J5,Kernohan,Dene,Redeveloping
T5A4J6,Kennedale Industrial,Dene,Industrial
T5A4J7,Kernohan,Dene,Redeveloping
T5A4J8,Kernohan,Dene,Redeveloping
T5A4J9,Kernohan,Dene,Redeveloping
T5A4K1,Kernohan,Dene,Redeveloping
T5A4K2,Belvedere,Dene,Redeveloping
T5A4K4,Homesteader,Dene,Redeveloping
T5A4K5,Overlanders,Dene,Redeveloping
T5A4K6,Kernohan,Dene,Redeveloping
T5A4K7,Overlanders,Dene,Redeveloping
T5A4K7,River Valley Hermitage,Dene,River Valley
T5A4K8,Overlanders,Dene,Redeveloping
T5A4K8,River Valley Hermitage,Dene,River Valley
T5A4K9,Homesteader,Dene,Redeveloping
T5A4L1,Homesteader,Dene,Redeveloping
T5A4L2,Kennedale Industrial,Dene,Industrial
T5A4L3,Kennedale Industrial,Dene,Industrial
T5A4L3,Industrial Heights,Métis,Industrial
T5A4L4,Overlanders,Dene,Redeveloping
T5A4L5,Casselman,Dene,Redeveloping
T5A4L6,Casselman,Dene,Redeveloping
T5A4L7,Casselman,Dene,Redeveloping
T5A4L8,Homesteader,Dene,Redeveloping
T5A4L9,Overlanders,Dene,Redeveloping
T5A4M1,Overlanders,Dene,Redeveloping
T5A4M2,Homesteader,Dene,Redeveloping
T5A4M3,Overlanders,Dene,Redeveloping
T5A4M4,Overlanders,Dene,Redeveloping
T5A4M5,Overlanders,Dene,Redeveloping
T5A4M6,Casselman,Dene,Redeveloping
T5A4M7,Casselman,Dene,Redeveloping
T5A4M8,Belvedere,Dene,Redeveloping
T5A4N1,Casselman,Dene,Redeveloping
T5A4N2,Homesteader,Dene,Redeveloping
T5A4N3,Kennedale Industrial,Dene,Industrial
T5A4N4,Belvedere,Dene,Redeveloping
T5A4N5,Belvedere,Dene,Redeveloping
T5A4P1,Overlanders,Dene,Redeveloping
T5A4P2,Overlanders,Dene,Redeveloping
T5A4P3,Overlanders,Dene,Redeveloping
T5A4P4,Overlanders,Dene,Redeveloping
T5A4P6,Kennedale Industrial,Dene,Industrial
T5A4P7,Casselman,Dene,Redeveloping
T5A4P8,Casselman,Dene,Redeveloping
T5A4P9,York,Dene,Redeveloping
T5A4R1,Casselman,Dene,Redeveloping
T5A4R2,Casselman,Dene,Redeveloping
T5A4R3,Casselman,Dene,Redeveloping
T5A4R4,York,Dene,Redeveloping
T5A4R5,York,Dene,Redeveloping
T5A4R6,York,Dene,Redeveloping
T5A4R7,York,Dene,Redeveloping
T5A4R8,York,Dene,Redeveloping
T5A4R9,Canon Ridge,Dene,Redeveloping
T5A4S1,Canon Ridge,Dene,Redeveloping
T5A4S1,River Valley Hermitage,Dene,River Valley
T5A4S2,Canon Ridge,Dene,Redeveloping
T5A4S3,Canon Ridge,Dene,Redeveloping
T5A4S4,Canon Ridge,Dene,Redeveloping
T5A4S5,Canon Ridge,Dene,Redeveloping
T5A4S6,Canon Ridge,Dene,Redeveloping
T5A4S7,Canon Ridge,Dene,Redeveloping
T5A4S8,Canon Ridge,Dene,Redeveloping
T5A4S9,Canon Ridge,Dene,Redeveloping
T5A4T1,Canon Ridge,Dene,Redeveloping
T5A4T2,Canon Ridge,Dene,Redeveloping
T5A4T3,Canon Ridge,Dene,Redeveloping
T5A4T4,Canon Ridge,Dene,Redeveloping
T5A4T5,Canon Ridge,Dene,Redeveloping
T5A4T6,Canon Ridge,Dene,Redeveloping
T5A4T7,Canon Ridge,Dene,Redeveloping
T5A4T8,Canon Ridge,Dene,Redeveloping
T5A4T9,Canon Ridge,Dene,Redeveloping
T5A4V1,McLeod,Dene,Redeveloping
T5A4V2,Canon Ridge,Dene,Redeveloping
T5A4V3,McLeod,Dene,Redeveloping
T5A4V4,McLeod,Dene,Redeveloping
T5A4V5,McLeod,Dene,Redeveloping
T5A4V6,McLeod,Dene,Redeveloping
T5A4V7,McLeod,Dene,Redeveloping
T5A4V8,McLeod,Dene,Redeveloping
T5A4V9,Kennedale Industrial,Dene,Industrial
T5A4W1,Belvedere,Dene,Redeveloping
T5A4W2,Kernohan,Dene,Redeveloping
T5A4W3,McLeod,Dene,Redeveloping
T5A4W5,McLeod,Dene,Redeveloping
T5A4W6,McLeod,Dene,Redeveloping
T5A4W7,McLeod,Dene,Redeveloping
T5A4W8,McLeod,Dene,Redeveloping
T5A4W9,Casselman,Dene,Redeveloping
T5A4X1,Kennedale Industrial,Dene,Industrial
T5A4X2,Casselman,Dene,Redeveloping
T5A4X3,Casselman,Dene,Redeveloping
T5A4X4,Casselman,Dene,Redeveloping
T5A4X4,McLeod,Dene,Redeveloping
T5A4X5,Casselman,Dene,Redeveloping
T5A4X5,McLeod,Dene,Redeveloping
T5A4X6,Canon Ridge,Dene,Redeveloping
T5A4X7,Casselman,Dene,Redeveloping
T5A4X7,McLeod,Dene,Redeveloping
T5A4X8,Casselman,Dene,Redeveloping
T5A4X9,Casselman,Dene,Redeveloping
T5A4Y1,Casselman,Dene,Redeveloping
T5A4Y3,Kennedale Industrial,Dene,Industrial
T5A4Y4,Kernohan,Dene,Redeveloping
T5A4Y5,River Valley Hermitage,Dene,River Valley
T5A4Y5,Kernohan,Dene,Redeveloping
T5A4Y6,River Valley Hermitage,Dene,River Valley
T5A4Y6,Belmont,Dene,Redeveloping
T5A4Y7,Belmont,Dene,Redeveloping
T5A4Y8,Belmont,Dene,Redeveloping
T5A4Y9,Overlanders,Dene,Redeveloping
T5A4Z1,Overlanders,Dene,Redeveloping
T5A4Z2,Kernohan,Dene,Redeveloping
T5A4Z3,Kernohan,Dene,Redeveloping
T5A4Z4,Kernohan,Dene,Redeveloping
T5A4Z5,York,Dene,Redeveloping
T5A4Z6,York,Dene,Redeveloping
T5A4Z7,Casselman,Dene,Redeveloping
T5A4Z8,Kennedale Industrial,Dene,Industrial
T5A4Z9,River Valley Hermitage,Dene,River Valley
T5A4Z9,Kernohan,Dene,Redeveloping
T5A5A1,York,Dene,Redeveloping
T5A5A2,Kennedale Industrial,Dene,Industrial
T5A5A3,River Valley Hermitage,Dene,River Valley
T5A5A3,Belmont,Dene,Redeveloping
T5A5A4,Belmont,Dene,Redeveloping
T5A5A5,River Valley Hermitage,Dene,River Valley
T5A5A5,Kernohan,Dene,Redeveloping
T5A5A7,Belvedere,Dene,Redeveloping
T5A5A8,Kennedale Industrial,Dene,Industrial
T5A5A9,Kennedale Industrial,Dene,Industrial
T5A5B1,Homesteader,Dene,Redeveloping
T5A5B2,York,Dene,Redeveloping
T5A5B3,Overlanders,Dene,Redeveloping
T5A5B3,River Valley Hermitage,Dene,River Valley
T5A5B4,York,Dene,Redeveloping
T5A5B5,Kennedale Industrial,Dene,Industrial
T5A5B7,Casselman,Dene,Redeveloping
T5A5B8,Overlanders,Dene,Redeveloping
T5A5B9,Belmont,Dene,Redeveloping
T5A5C1,Belmont,Dene,Redeveloping
T5A5C2,Kennedale Industrial,Dene,Industrial
T5A5C3,Belmont,Dene,Redeveloping
T5A5C5,Belvedere,Dene,Redeveloping
T5A5C6,Belmont,Dene,Redeveloping
T5A5C7,Belmont,Dene,Redeveloping
T5A5C8,Belmont,Dene,Redeveloping
T5A5C9,Belmont,Dene,Redeveloping
T5A5E1,Belmont,Dene,Redeveloping
T5A5E2,Belmont,Dene,Redeveloping
T5A5E3,Belmont,Dene,Redeveloping
T5A5E4,Miller,Dene,Redeveloping
T5A5E5,Kennedale Industrial,Dene,Industrial
T5A5E6,Casselman,Dene,Redeveloping
T5A5E7,Casselman,Dene,Redeveloping
T5A5E8,Overlanders,Dene,Redeveloping
T5A5E9,Belvedere,Dene,Redeveloping
T5A5G1,River Valley Hermitage,Dene,River Valley
T5A5G1,Belmont,Dene,Redeveloping
T5A5G2,York,Dene,Redeveloping
T5A5G3,York,Dene,Redeveloping
T5A5G4,Overlanders,Dene,Redeveloping
T5A5G5,Kennedale Industrial,Dene,Industrial
T5A5G7,Belmont,Dene,Redeveloping
T5A5G8,Belmont,Dene,Redeveloping
T5A5G9,Casselman,Dene,Redeveloping
T5A5H1,Belmont,Dene,Redeveloping
T5A5H2,Canon Ridge,Dene,Redeveloping
T5A5H2,River Valley Hermitage,Dene,River Valley
T5A5H3,Belvedere,Dene,Redeveloping
T5A5H4,Canon Ridge,Dene,Redeveloping
T5A5H4,River Valley Hermitage,Dene,River Valley
T5A5H5,Canon Ridge,Dene,Redeveloping
T5A5H5,River Valley Hermitage,Dene,River Valley
T5A5H6,Miller,Dene,Redeveloping
T5A5H7,Casselman,Dene,Redeveloping
T5A5H8,Kennedale Industrial,Dene,Industrial
T5A5H9,Canon Ridge,Dene,Redeveloping
T5A5J1,Canon Ridge,Dene,Redeveloping
T5A5J2,Miller,Dene,Redeveloping
T5A5J3,Canon Ridge,Dene,Redeveloping
T5A5J4,Miller,Dene,Redeveloping
T5A5J5,Canon Ridge,Dene,Redeveloping
T5A5J5,River Valley Hermitage,Dene,River Valley
T5A5J6,Clareview Town Centre,Dene,Developing
T5A5J7,Belvedere,Dene,Redeveloping
