POSTAL_CODE,Neighbourhood_Name,WARD
T5A,York,Dene
T5A,Casselman,Dene
T5A,Miller,Dene
T5A,Canon Ridge,Dene
T5A,McLeod,Dene
T5A,Clareview Town Centre,Dene
T5A,Kennedale Industrial,Dene
T5A,Sifton Park,Dene
T5A,Belvedere,Dene
T5A,Industrial Heights,Métis
T5A,Homesteader,Dene
T5A,Overlanders,Dene
T5A,River Valley Hermitage,Dene
T5A,Belmont,Dene
T5A,Kernohan,Dene
T5A0A1,Belvedere,Dene
T5A0A2,Belvedere,Dene
T5A0A3,Kennedale Industrial,Dene
T5A0A4,Kennedale Industrial,Dene
T5A0A5,Kennedale Industrial,Dene
T5A0A7,Kennedale Industrial,Dene
T5A0A8,Belvedere,Dene
T5A0A9,York,Dene
T5A0B1,York,Dene
T5A0B3,Belmont,Dene
T5A0B4,Kennedale Industrial,Dene
T5A0B4,Industrial Heights,Métis
T5A0B5,Kennedale Industrial,Dene
T5A0B6,Kennedale Industrial,Dene
T5A0B7,Kennedale Industrial,Dene
T5A0B8,Kennedale Industrial,Dene
T5A0B9,Kennedale Industrial,Dene
T5A0C1,Kennedale Industrial,Dene
T5A0C4,Belmont,Dene
T5A0C5,Kennedale Industrial,Dene
T5A0C6,Kennedale Industrial,Dene
T5A0C7,Kennedale Industrial,Dene
T5A0C8,Kennedale Industrial,Dene
T5A0C9,Kennedale Industrial,Dene
T5A0E1,Kennedale Industrial,Dene
T5A0E2,Canon Ridge,Dene
T5A0E2,River Valley Hermitage,Dene
T5A0E3,Belmont,Dene
T5A0E4,Kennedale Industrial,Dene
T5A0E4,Belvedere,Dene
T5A0E7,Kennedale Industrial,Dene
T5A0E8,Canon Ridge,Dene
T5A0E9,Canon Ridge,Dene
T5A0E9,River Valley Hermitage,Dene
T5A0G1,Belvedere,Dene
T5A0G2,Belvedere,Dene
T5A0G3,Belvedere,Dene
T5A0G4,Belmont,Dene
T5A0G5,Belvedere,Dene
T5A0G6,Belvedere,Dene
T5A0G7,Belvedere,Dene
T5A0G8,Belvedere,Dene
T5A0G9,Belvedere,Dene
T5A0H1,Belvedere,Dene
T5A0H2,Belvedere,Dene
T5A0H3,Belvedere,Dene
T5A0H4,Belvedere,Dene
T5A0H5,Belvedere,Dene
T5A0H6,Belvedere,Dene
T5A0H7,Belvedere,Dene
T5A0H8,Belvedere,Dene
T5A0H9,Belvedere,Dene
T5A0J1,Belvedere,Dene
T5A0J2,Belvedere,Dene
T5A0J3,Belvedere,Dene
T5A0J4,Belvedere,Dene
T5A0J5,Belvedere,Dene
T5A0J6,Belvedere,Dene
T5A0J7,Belvedere,Dene
T5A0J8,Belvedere,Dene
T5A0J9,Belvedere,Dene
T5A0K1,Belvedere,Dene
T5A0K2,Belvedere,Dene
T5A0K3,Belvedere,Dene
T5A0K4,Belvedere,Dene
T5A0K5,Belvedere,Dene
T5A0K6,Belvedere,Dene
T5A0K7,Belvedere,Dene
T5A0K8,Belvedere,Dene
T5A0K9,Belvedere,Dene
T5A0L1,Belvedere,Dene
T5A0L2,Belvedere,Dene
T5A0L3,Belvedere,Dene
T5A0L4,Belvedere,Dene
T5A0L5,Belvedere,Dene
T5A0L6,Belvedere,Dene
T5A0L7,Belvedere,Dene
T5A0L8,Belvedere,Dene
T5A0L9,Belvedere,Dene
T5A0M1,Belvedere,Dene
T5A0M3,Belvedere,Dene
T5A0M4,Belvedere,Dene
T5A0M5,Belvedere,Dene
T5A0M6,Belvedere,Dene
T5A0M7,Belvedere,Dene
T5A0M8,Belvedere,Dene
T5A0N1,Belvedere,Dene
T5A0N2,Belvedere,Dene
T5A0N3,Belvedere,Dene
T5A0N4,Belvedere,Dene
T5A0N5,Belvedere,Dene
T5A0N6,Belvedere,Dene
T5A0N7,Belvedere,Dene
T5A0N8,Belvedere,Dene
T5A0N9,Belvedere,Dene
T5A0P1,Belvedere,Dene
T5A0P2,Belvedere,Dene
T5A0P3,Belvedere,Dene
T5A0P5,Canon Ridge,Dene
T5A0P6,Belvedere,Dene
T5A0P7,Belvedere,Dene
T5A0P8,Canon Ridge,Dene
T5A0P8,River Valley Hermitage,Dene
T5A0P9,Belvedere,Dene
T5A0R1,Belvedere,Dene
T5A0R2,Belvedere,Dene
T5A0R3,Belvedere,Dene
T5A0R4,Belvedere,Dene
T5A0R5,Belvedere,Dene
T5A0R6,Belvedere,Dene
T5A0R7,Belvedere,Dene
T5A0R8,Belvedere,Dene
T5A0R9,Belvedere,Dene
T5A0S1,Belvedere,Dene
T5A0S2,Belvedere,Dene
T5A0S3,Belvedere,Dene
T5A0S4,Belvedere,Dene
T5A0S5,Belvedere,Dene
T5A0S6,Belvedere,Dene
T5A0S7,Belvedere,Dene
T5A0S8,Belvedere,Dene
T5A0S9,Miller,Dene
T5A0T1,Canon Ridge,Dene
T5A0T2,Belvedere,Dene
T5A0T3,Belvedere,Dene
T5A0T4,Belvedere,Dene
T5A0T5,Belvedere,Dene
T5A0T6,Belvedere,Dene
T5A0T7,Belvedere,Dene
T5A0T8,Belvedere,Dene
T5A0T9,Belvedere,Dene
T5A0V1,Belvedere,Dene
T5A0V2,Belvedere,Dene
T5A0V3,Belvedere,Dene
T5A0V4,Belvedere,Dene
T5A0V5,Belvedere,Dene
T5A0V6,Belvedere,Dene
T5A0V7,Belvedere,Dene
T5A0V8,Belvedere,Dene
T5A0V9,Belvedere,Dene
T5A0W3,Belvedere,Dene
T5A0W4,Belvedere,Dene
T5A0W5,Belvedere,Dene
T5A0W6,Belvedere,Dene
T5A0W7,Belvedere,Dene
T5A0W8,Belvedere,Dene
T5A0W9,Belvedere,Dene
T5A0X1,Belvedere,Dene
T5A0X2,Belvedere,Dene
T5A0X3,Belvedere,Dene
T5A0X4,York,Dene
T5A0X6,Belvedere,Dene
T5A0X7,Belvedere,Dene
T5A0X8,Canon Ridge,Dene
T5A0X8,River Valley Hermitage,Dene
T5A0X9,Belvedere,Dene
T5A0Y1,Belvedere,Dene
T5A0Y2,Belvedere,Dene
T5A0Y3,Belvedere,Dene
T5A0Y4,Belvedere,Dene
T5A0Y5,Belvedere,Dene
T5A0Y6,Belvedere,Dene
T5A0Y7,Belvedere,Dene
T5A0Y8,Belvedere,Dene
T5A0Y9,Belvedere,Dene
T5A0Z1,Belvedere,Dene
T5A0Z2,Belvedere,Dene
T5A0Z3,Belvedere,Dene
T5A0Z6,Kernohan,Dene
T5A0Z7,Belvedere,Dene
T5A0Z8,Belvedere,Dene
T5A0Z9,Belvedere,Dene
T5A1A1,Belvedere,Dene
T5A1A2,Belvedere,Dene
T5A1A3,Belvedere,Dene
T5A1A4,Belvedere,Dene
T5A1A5,Belvedere,Dene
T5A1A6,Belvedere,Dene
T5A1A8,Belvedere,Dene
T5A1B1,Belvedere,Dene
T5A1B4,Belvedere,Dene
T5A1B5,Casselman,Dene
T5A1B6,Kennedale Industrial,Dene
T5A1B6,Belvedere,Dene
T5A1B7,Kennedale Industrial,Dene
T5A1B8,Belvedere,Dene
T5A1B9,Belvedere,Dene
T5A1C2,Belvedere,Dene
T5A1C3,Kennedale Industrial,Dene
T5A1C3,Belvedere,Dene
T5A1C4,Belvedere,Dene
T5A1C5,Belvedere,Dene
T5A1C6,Belvedere,Dene
T5A1C8,York,Dene
T5A1C9,York,Dene
T5A1E1,York,Dene
T5A1E2,York,Dene
T5A1E3,York,Dene
T5A1E4,York,Dene
T5A1E5,York,Dene
T5A1E6,York,Dene
T5A1E7,York,Dene
T5A1E8,York,Dene
T5A1E9,York,Dene
T5A1G1,York,Dene
T5A1G2,York,Dene
T5A1G3,York,Dene
T5A1G4,York,Dene
T5A1G5,York,Dene
T5A1G6,York,Dene
T5A1G7,York,Dene
T5A1G8,York,Dene
T5A1G9,York,Dene
T5A1H1,York,Dene
T5A1H2,York,Dene
T5A1H3,York,Dene
T5A1H4,York,Dene
T5A1H5,York,Dene
T5A1H6,York,Dene
T5A1H7,York,Dene
T5A1H8,York,Dene
T5A1H9,York,Dene
T5A1J1,York,Dene
T5A1J2,York,Dene
T5A1J3,York,Dene
T5A1J4,York,Dene
T5A1J5,York,Dene
T5A1J6,York,Dene
T5A1J7,York,Dene
T5A1J8,York,Dene
T5A1J9,York,Dene
T5A1K1,York,Dene
T5A1K2,York,Dene
T5A1K3,York,Dene
T5A1K4,York,Dene
T5A1K5,McLeod,Dene
T5A1K6,York,Dene
T5A1K7,York,Dene
T5A1K8,York,Dene
T5A1K9,McLeod,Dene
T5A1L1,York,Dene
T5A1L2,McLeod,Dene
T5A1L3,Homesteader,Dene
T5A1L4,Belvedere,Dene
T5A1L5,York,Dene
T5A1L6,York,Dene
T5A1L7,York,Dene
T5A1L8,York,Dene
T5A1L9,York,Dene
T5A1M1,York,Dene
T5A1M2,York,Dene
T5A1M3,York,Dene
T5A1M4,York,Dene
T5A1M5,York,Dene
T5A1M6,York,Dene
T5A1M7,York,Dene
T5A1M8,York,Dene
T5A1M9,York,Dene
T5A1N1,York,Dene
T5A1N2,York,Dene
T5A1N3,York,Dene
T5A1N4,York,Dene
T5A1N5,York,Dene
T5A1N6,York,Dene
T5A1N7,York,Dene
T5A1N8,York,Dene
T5A1N9,York,Dene
T5A1P1,York,Dene
T5A1P2,York,Dene
T5A1P3,York,Dene
T5A1P4,York,Dene
T5A1P5,York,Dene
T5A1P6,York,Dene
T5A1P7,York,Dene
T5A1P8,York,Dene
T5A1P9,York,Dene
T5A1R1,York,Dene
T5A1R2,York,Dene
T5A1R3,York,Dene
T5A1R4,York,Dene
T5A1R5,York,Dene
T5A1R6,York,Dene
T5A1R7,York,Dene
T5A1R8,York,Dene
T5A1R9,York,Dene
T5A1S1,Homesteader,Dene
T5A1S2,McLeod,Dene
T5A1S3,McLeod,Dene
T5A1S4,McLeod,Dene
T5A1S5,McLeod,Dene
T5A1S6,McLeod,Dene
T5A1S7,McLeod,Dene
T5A1S8,McLeod,Dene
T5A1S9,McLeod,Dene
T5A1T1,McLeod,Dene
T5A1T2,McLeod,Dene
T5A1T3,McLeod,Dene
T5A1T4,McLeod,Dene
T5A1T5,McLeod,Dene
T5A1T6,McLeod,Dene
T5A1T7,McLeod,Dene
T5A1T8,McLeod,Dene
T5A1T9,McLeod,Dene
T5A1V1,McLeod,Dene
T5A1V2,McLeod,Dene
T5A1V3,McLeod,Dene
T5A1V4,Homesteader,Dene
T5A1V5,Homesteader,Dene
T5A1V6,McLeod,Dene
T5A1V7,McLeod,Dene
T5A1V8,McLeod,Dene
T5A1V9,McLeod,Dene
T5A1W1,McLeod,Dene
T5A1W2,McLeod,Dene
T5A1W3,McLeod,Dene
T5A1W4,McLeod,Dene
T5A1W5,McLeod,Dene
T5A1W6,McLeod,Dene
T5A1W7,McLeod,Dene
T5A1W8,McLeod,Dene
T5A1W9,McLeod,Dene
T5A1X1,McLeod,Dene
T5A1X2,McLeod,Dene
T5A1X3,McLeod,Dene
T5A1X4,York,Dene
T5A1X5,McLeod,Dene
T5A1X6,McLeod,Dene
T5A1X7,McLeod,Dene
T5A1X8,McLeod,Dene
T5A1X9,McLeod,Dene
T5A1Y1,McLeod,Dene
T5A1Y2,McLeod,Dene
T5A1Y3,Casselman,Dene
T5A1Y3,McLeod,Dene
T5A1Y4,McLeod,Dene
T5A1Y5,McLeod,Dene
T5A1Y6,McLeod,Dene
T5A1Y7,McLeod,Dene
T5A1Y8,McLeod,Dene
T5A1Y9,McLeod,Dene
T5A1Z1,McLeod,Dene
T5A1Z2,McLeod,Dene
T5A1Z3,McLeod,Dene
T5A1Z4,McLeod,Dene
T5A1Z5,McLeod,Dene
T5A1Z6,McLeod,Dene
T5A1Z7,McLeod,Dene
T5A1Z8,McLeod,Dene
T5A1Z9,McLeod,Dene
T5A2A1,McLeod,Dene
T5A2A2,McLeod,Dene
T5A2A3,McLeod,Dene
T5A2A4,McLeod,Dene
T5A2A5,McLeod,Dene
T5A2A6,McLeod,Dene
T5A2A7,McLeod,Dene
T5A2A8,McLeod,Dene
T5A2A9,McLeod,Dene
T5A2B1,McLeod,Dene
T5A2B2,McLeod,Dene
T5A2B3,McLeod,Dene
T5A2B4,McLeod,Dene
T5A2B5,McLeod,Dene
T5A2B6,McLeod,Dene
T5A2B7,McLeod,Dene
T5A2B8,McLeod,Dene
T5A2B9,McLeod,Dene
T5A2C1,McLeod,Dene
T5A2C2,McLeod,Dene
T5A2C3,McLeod,Dene
T5A2C4,McLeod,Dene
T5A2C5,McLeod,Dene
T5A2C6,McLeod,Dene
T5A2C7,McLeod,Dene
T5A2C8,McLeod,Dene
T5A2C9,McLeod,Dene
T5A2E1,McLeod,Dene
T5A2E2,McLeod,Dene
T5A2E3,McLeod,Dene
T5A2E4,McLeod,Dene
T5A2E6,Kennedale Industrial,Dene
T5A2E7,Kennedale Industrial,Dene
T5A2E8,Kennedale Industrial,Dene
T5A2E9,McLeod,Dene
T5A2G1,Belvedere,Dene
T5A2G2,Belvedere,Dene
T5A2G3,York,Dene
T5A2G4,Belvedere,Dene
T5A2G5,Belvedere,Dene
T5A2G6,Belvedere,Dene
T5A2G7,Belvedere,Dene
T5A2G8,Belvedere,Dene
T5A2G9,Belvedere,Dene
T5A2H1,Belvedere,Dene
T5A2H2,Belvedere,Dene
T5A2H3,Belvedere,Dene
T5A2H4,Belvedere,Dene
T5A2H5,Belvedere,Dene
T5A2H8,Kennedale Industrial,Dene
T5A2H9,Casselman,Dene
T5A2J1,Kennedale Industrial,Dene
T5A2J2,Homesteader,Dene
T5A2J3,Homesteader,Dene
T5A2J4,Homesteader,Dene
T5A2J5,Homesteader,Dene
T5A2J6,Homesteader,Dene
T5A2J7,Homesteader,Dene
T5A2J8,Homesteader,Dene
T5A2J9,Homesteader,Dene
T5A2K1,Homesteader,Dene
T5A2K2,Homesteader,Dene
T5A2K3,Homesteader,Dene
T5A2K4,Homesteader,Dene
T5A2K6,Casselman,Dene
T5A2K7,Casselman,Dene
T5A2K7,McLeod,Dene
T5A2K8,Casselman,Dene
T5A2K9,Casselman,Dene
T5A2L1,Casselman,Dene
T5A2L2,Casselman,Dene
T5A2L3,Casselman,Dene
T5A2L4,Casselman,Dene
T5A2L5,Casselman,Dene
T5A2L6,Casselman,Dene
T5A2L7,Casselman,Dene
T5A2L8,Casselman,Dene
T5A2L9,Casselman,Dene
T5A2M1,Casselman,Dene
T5A2M2,McLeod,Dene
T5A2M3,Homesteader,Dene
T5A2M4,Homesteader,Dene
T5A2M5,Homesteader,Dene
T5A2M6,Homesteader,Dene
T5A2M6,River Valley Hermitage,Dene
T5A2M7,Homesteader,Dene
T5A2M8,Casselman,Dene
T5A2M9,Homesteader,Dene
T5A2N1,Belmont,Dene
T5A2N2,Sifton Park,Dene
T5A2N3,Homesteader,Dene
T5A2N4,Casselman,Dene
T5A2N4,McLeod,Dene
T5A2N5,Sifton Park,Dene
T5A2N6,Sifton Park,Dene
T5A2N7,Sifton Park,Dene
T5A2N8,Belmont,Dene
T5A2N9,Sifton Park,Dene
T5A2P1,Belmont,Dene
T5A2P2,Belmont,Dene
T5A2P3,Belmont,Dene
T5A2P4,Belmont,Dene
T5A2P5,Belmont,Dene
T5A2P6,Belmont,Dene
T5A2P7,Belmont,Dene
T5A2P8,Sifton Park,Dene
T5A2P9,Sifton Park,Dene
T5A2R1,Sifton Park,Dene
T5A2R2,Sifton Park,Dene
T5A2R3,Sifton Park,Dene
T5A2R4,Homesteader,Dene
T5A2R5,Homesteader,Dene
T5A2R6,Homesteader,Dene
T5A2R7,Homesteader,Dene
T5A2R8,Homesteader,Dene
T5A2R9,Belmont,Dene
T5A2S1,Casselman,Dene
T5A2S2,Casselman,Dene
T5A2S3,Homesteader,Dene
T5A2S4,Homesteader,Dene
T5A2S5,Homesteader,Dene
T5A2S5,River Valley Hermitage,Dene
T5A2S6,Sifton Park,Dene
T5A2S6,River Valley Hermitage,Dene
T5A2S7,Sifton Park,Dene
T5A2S8,Sifton Park,Dene
T5A2S9,Sifton Park,Dene
T5A2T1,Sifton Park,Dene
T5A2T2,Sifton Park,Dene
T5A2T3,Sifton Park,Dene
T5A2T4,Sifton Park,Dene
T5A2T5,Sifton Park,Dene
T5A2T6,Sifton Park,Dene
T5A2T7,Sifton Park,Dene
T5A2T8,Sifton Park,Dene
T5A2T9,Sifton Park,Dene
T5A2V1,Sifton Park,Dene
T5A2V2,Sifton Park,Dene
T5A2V3,Sifton Park,Dene
T5A2V4,Sifton Park,Dene
T5A2V5,Sifton Park,Dene
T5A2V6,Belmont,Dene
T5A2V7,Belmont,Dene
T5A2V8,Belmont,Dene
T5A2V9,Belmont,Dene
T5A2W1,Belmont,Dene
T6A,Ottewell,Métis
T6A,Capilano,Métis
T6A,Fulton Place,Métis
T6A,Holyrood,Métis
T6A,Terrace Heights,Métis
T6A,Gold Bar,Métis
T6A,Forest Heights,Métis
T6E,Queen Alexandra,papastew
T6E,Strathcona,papastew
T6E,Garneau,papastew
T6E,Ritchie,papastew
T6E,Hazeldean,papastew
T6E,Argyll,papastew
T6G,University of Alberta,papastew
T6G,McKernan,papastew
T6G,Belgravia,papastew
T6G,Windsor Park,papastew
T6G,Parkallen,papastew
T5J,Downtown,O-day'min
T5J,Boyle Street,O-day'min
T5J,Riverdale,O-day'min
T5J,Rossdale,O-day'min
T5K,Downtown,O-day'min
T5K,Wîhkwêntôwin,O-day'min
T5K,Oliver,O-day'min
T5K,Rossdale,O-day'min
T5N,Glenora,Nakota Isga
T5N,Westmount,O-day'min
T5N,Crestwood,Nakota Isga
T5N,Grovenor,Nakota Isga
T5N,McQueen,Nakota Isga
T5T,Callingwood,sipiwiyiniwak
T5T,Callingwood North,sipiwiyiniwak
T5T,Callingwood South,sipiwiyiniwak
T5T,Belmead,Nakota Isga
T5T,Aldergrove,Nakota Isga
T5T,Thorncliff,sipiwiyiniwak
T5T,Ormsby Place,sipiwiyiniwak
T5T,Lymburn,sipiwiyiniwak
T5T,La Perle,Nakota Isga
T5T,Secord,Nakota Isga
T5T,Rosenthal,Nakota Isga
T5T,Glastonbury,sipiwiyiniwak
T5T,The Hamptons,sipiwiyiniwak
T6K,Mill Woods,Karhiio
T6K,Richfield,Karhiio
T6K,Lee Ridge,Karhiio
T6K,Tweddle Place,Karhiio
T6K,Michaels Park,Karhiio
T6K,Kameyosek,Karhiio
T6K,Ekota,Karhiio
T6K,Satoo,Karhiio
T6K,Menisa,Karhiio
T6K,Meyonohk,Karhiio
T6K,Tipaskan,Karhiio
T6L,Hillview,Karhiio
T6L,Greenview,Karhiio
T6L,Minchau,Sspomitapi
T6L,Weinlos,Sspomitapi
T6L,Bisset,Sspomitapi
T6L,Meyokumin,Karhiio
T6L,Pollard Meadows,Sspomitapi
T6L,Daly Grove,Sspomitapi
T6L,Crawford Plains,Sspomitapi
T6L,Sakaw,Karhiio
T6L,Kiniski Gardens,Sspomitapi
T6L,Jackson Heights,Sspomitapi
T6W,Windermere,pihêsiwin
T6W,Ambleside,pihêsiwin
T6W,Rutherford,Ipiihkoohkanipiaohtsi
T6W,MacEwan,Ipiihkoohkanipiaohtsi
T6W,Blackburne,Ipiihkoohkanipiaohtsi
T6W,Blackmud Creek,Ipiihkoohkanipiaohtsi
T6W,Callaghan,Ipiihkoohkanipiaohtsi
T6W,Allard,Ipiihkoohkanipiaohtsi
T6W,Chappelle,Ipiihkoohkanipiaohtsi
T6W,Cavanagh,Ipiihkoohkanipiaohtsi
T6W,Keswick,pihêsiwin
T6W,Glenridding Heights,pihêsiwin
T6W,Glenridding Ravine,pihêsiwin
T6W,Paisley,Ipiihkoohkanipiaohtsi
T6W,Desrochers Area,Ipiihkoohkanipiaohtsi
T6W,Heritage Valley,Ipiihkoohkanipiaohtsi
T6R,Riverbend,pihêsiwin
T6R,Terwillegar Towne,pihêsiwin
T6R,South Terwillegar,pihêsiwin
T6R,Mactaggart,pihêsiwin
T6R,Magrath Heights,pihêsiwin
T6R,Hodgson,pihêsiwin
T6R,Leger,pihêsiwin
T6R,Haddow,pihêsiwin
T6R,Falconer Heights,pihêsiwin
T6R,Henderson Estates,pihêsiwin
T6R,Rhatigan Ridge,pihêsiwin
T6R,Bulyea Heights,pihêsiwin
T6R,Carter Crest,pihêsiwin
T6R,Ogilvie Ridge,pihêsiwin
T5X,Castledowns,Anirniq
T5X,Beaumaris,tastawiyiniwak
T5X,Baturyn,tastawiyiniwak
T5X,Lorelei,tastawiyiniwak
T5X,Dunluce,Anirniq
T5X,Caernarvon,Anirniq
T5X,Carlisle,Anirniq
T5X,Canossa,Anirniq
T5X,Chambery,tastawiyiniwak
T5X,Elsinore,tastawiyiniwak
T5X,Rapperswill,Anirniq
T5X,Baranow,Anirniq
T5Z,Eaux Claires,tastawiyiniwak
T5Z,Belle Rive,tastawiyiniwak
T5Z,Mayliewan,tastawiyiniwak
T5Z,Klarvatten,tastawiyiniwak
T5Z,Lago Lindo,tastawiyiniwak
T5Z,Ozerna,tastawiyiniwak
T5Z,Schonsee,tastawiyiniwak
T5Z,Crystallina Nera,tastawiyiniwak
T5Y,Clareview,Dene
T5Y,Hollick-Kenyon,Dene
T5Y,Brintnell,Dene
T5Y,Matt Berry,Dene
T5Y,McConachie,Dene
T5Y,Cy Becker,Dene
T5Y,Miller,Dene
T5Y,Kirkness,Dene
T5Y,Fraser,Dene
T5Y,Bannerman,Dene
T5Y,Hairsine,Dene
T5H,Central McDougall,O-day'min
T5H,McCauley,O-day'min
T5H,Boyle Street,O-day'min
T5H,Riverdale,O-day'min
T5H,Cromdale,Métis
T5H,Queen Mary Park,O-day'min
T5G,Spruce Avenue,O-day'min
T5G,Westwood,O-day'min
T5G,Prince Rupert,O-day'min
T5G,Blatchford Area,O-day'min
T5G,Alberta Avenue,Métis
T5E,Griesbach,Anirniq
T5E,Killarney,tastawiyiniwak
T5E,Glengarry,tastawiyiniwak
T5E,Northmount,tastawiyiniwak
T5E,Evansdale,tastawiyiniwak
T5E,Rosslyn,Anirniq
T5E,Lauderdale,Anirniq
T5L,Inglewood,Anirniq
T5L,Prince Charles,Anirniq
T5L,Sherbrooke,Anirniq
T5L,Dovercourt,Anirniq
T5L,Woodcroft,Anirniq
T5L,Wellington,Anirniq
T5L,Athlone,Anirniq
T5L,Calder,Anirniq
T5M,North Glenora,Nakota Isga
T5M,High Park,Nakota Isga
T5M,McQueen,Nakota Isga
T5P,Mayfield,Nakota Isga
T5P,Britannia Youngstown,Nakota Isga
T5P,Canora,Nakota Isga
T5P,West Jasper Place,Nakota Isga
T5P,Glenwood,Nakota Isga
T5R,Parkview,sipiwiyiniwak
T5R,Laurier Heights,sipiwiyiniwak
T5R,Rio Terrace,sipiwiyiniwak
T5R,Lynnwood,sipiwiyiniwak
T5R,Patricia Heights,sipiwiyiniwak
T5R,Jasper Park,sipiwiyiniwak
T5R,Meadowlark Park,sipiwiyiniwak
T5R,Sherwood,sipiwiyiniwak
T5R,Elmwood,sipiwiyiniwak
T5R,Quesnell Heights,sipiwiyiniwak
T6H,Lansdowne,papastew
T6H,Malmo Plains,papastew
T6H,Pleasantview,papastew
T6H,Lendrum Place,papastew
T6H,Grandview Heights,papastew
T6H,Empire Park,papastew
T6H,Allendale,papastew
T6H,Brookside,pihêsiwin
T6H,Brander Gardens,pihêsiwin
T6H,Ramsay Heights,pihêsiwin
T6J,Greenfield,papastew
T6J,Duggan,papastew
T6J,Rideau Park,papastew
T6J,Royal Gardens,papastew
T6J,Aspen Gardens,papastew
T6J,Westbrook Estates,papastew
T6J,Sweet Grass,Ipiihkoohkanipiaohtsi
T6J,Steinhauer,Ipiihkoohkanipiaohtsi
T6J,Blue Quill,Ipiihkoohkanipiaohtsi
T6J,Blue Quill Estates,Ipiihkoohkanipiaohtsi
T6J,Skyrattler,Ipiihkoohkanipiaohtsi
T6J,Keheewin,Ipiihkoohkanipiaohtsi
T6J,Twin Brooks,Ipiihkoohkanipiaohtsi
T6J,Bearspaw,Ipiihkoohkanipiaohtsi
T6T,Silver Berry,Sspomitapi
T6T,Wild Rose,Sspomitapi
T6T,Tamarack,Sspomitapi
T6T,Laurel,Sspomitapi
T6T,Larkspur,Sspomitapi
T6T,Maple,Sspomitapi
T6T,Aster,Sspomitapi
T6X,Summerside,Karhiio
T6X,Ellerslie,Karhiio
T6X,Walker,Karhiio
T6X,Charlesworth,Karhiio
T6X,The Orchards At Ellerslie,Karhiio
T6X,Mattson,Karhiio
