"Question Number","Question ID","Category","Question Text","Answer ID","Answer Text","Vehicles Added or Removed (Curbside Impact)","Curbside Stall Delta (Display Text)","Simulation & Policy Mechanism"
"0","q0","Neighbourhood Type","Choose one of the four neighbourhoods to calibrate live curbside parking stalls in your simulation and adjust home density.","mature_laned","Mature Laned (1950s)","Baseline (12 stalls capacity)","12 Stalls Capacity","Establishes 12 legal street stalls, 12 detached rear garages, 2.0 cars/home initial baseline."
"0","q0","Neighbourhood Type","Choose one of the four neighbourhoods to calibrate live curbside parking stalls in your simulation and adjust home density.","infill_skinny","Infill & Skinny Homes","Baseline (12 stalls capacity)","12 Stalls Capacity","Subdivided narrow lots with detached rear garages, 12 legal curbside stalls."
"0","q0","Neighbourhood Type","Choose one of the four neighbourhoods to calibrate live curbside parking stalls in your simulation and adjust home density.","suburban_front_driveway","Suburban Front Driveway (1980s)","Baseline (10 stalls capacity)","10 Stalls Capacity","Attached front driveways with 1.5m yellow curb setbacks (Bylaw 5590); 10 legal curbside stalls."
"0","q0","Neighbourhood Type","Choose one of the four neighbourhoods to calibrate live curbside parking stalls in your simulation and adjust home density.","contemporary_townhomes","Contemporary Townhomes","Baseline (9 stalls capacity)","9 Stalls Capacity","Multi-unit rows with rear garage lane and front pocket bays; 9 legal curbside stalls."
"1","q1","Funding","Residential parking programs cost money to operate. Who should pay for them?","q1_a","People who use parking through fees and parking permits","-2.0 vehicles","-1.5 stalls (-10%)","Drivers pay permit fees, covering program costs and incentivizing households with driveways/garages to park off-street."
"1","q1","Funding","Residential parking programs cost money to operate. Who should pay for them?","q1_b","All residents through property taxes","+2.0 vehicles","+1.5 stalls (+10%)","Street parking remains free of direct fees, encouraging more vehicles to park on the curbside."
"2","q2","Parking Proximity to Home","When parking on the street near your home, what would you consider reasonably close?","q2_a","On my block","+2.0 vehicles","+2.0 stalls (+13%)","Concentrates parking demand on the immediate block, increasing competition and occupancy directly in front of homes."
"2","q2","Parking Proximity to Home","When parking on the street near your home, what would you consider reasonably close?","q2_b","Within two or three blocks","-2.0 vehicles","-2.0 stalls (-13%)","Disperses parked vehicles across a wider radius of adjacent blocks, lowering curbside demand on the immediate street."
"3","q3","Permit Limit","In neighbourhoods where street parking is in high demand, should there be a limit on parking permits per household?","q3_a","Yes","-2.0 vehicles","-2.0 stalls (-13%)","Restricts street permits per household (caps at 2), shifting additional vehicles into private garages or driveways."
"3","q3","Permit Limit","In neighbourhoods where street parking is in high demand, should there be a limit on parking permits per household?","q3_b","No","+2.0 vehicles","+2.0 stalls (+13%)","Allows unlimited permits for 3+ vehicles per household, resulting in higher curbside accumulation."
"4","q4","Visitor Access","When street parking is in high demand, should visitors and service providers (e.g., cleaners and contractors) have the same opportunity as residents to park on the block they are visiting?","q4_a","Yes","+2.0 vehicles","+2.0 stalls (+13%)","Grants equal parking access to visitors and service providers, increasing daytime curbside turnover and competition."
"4","q4","Visitor Access","When street parking is in high demand, should visitors and service providers (e.g., cleaners and contractors) have the same opportunity as residents to park on the block they are visiting?","q4_b","No","-2.0 vehicles","-2.0 stalls (-13%)","Prioritizes resident parking, reducing competition from visitor and contractor vehicles."
"5","q5","Parking Proximity to Destination","When people visit hospitals, post-secondary institutions and event venues, should they be able to use nearby residential streets for parking?","q5_a","Yes","+2.0 vehicles","+2.5 stalls (+16%)","Permits external visitors, students, and hospital guests to park on nearby residential streets, increasing demand."
"5","q5","Parking Proximity to Destination","When people visit hospitals, post-secondary institutions and event venues, should they be able to use nearby residential streets for parking?","q5_b","No","-2.0 vehicles","-2.5 stalls (-16%)","Restricts non-resident destination parking, protecting curbside stalls for local residents and their direct guests."
"6","q6","Residential Parking Permit Eligibility","Should access to private parking affect who can get a permit? Consider all housing types, including those in single-family homes, townhomes and apartments. Private parking can mean a driveway, garage or other off-street parking space.","q6_a","Yes, housing types with no private parking should get priority for permits","-2.5 vehicles","-3.5 stalls (-22%)","Prioritizes street permits for homes lacking private off-street parking; households with garages must use them."
"6","q6","Residential Parking Permit Eligibility","Should access to private parking affect who can get a permit? Consider all housing types, including those in single-family homes, townhomes and apartments. Private parking can mean a driveway, garage or other off-street parking space.","q6_b","No, all housing types should have the same eligibility, whether or not they have private parking.","+2.5 vehicles","+3.5 stalls (+22%)","Grants equal permits to all homes regardless of garage/driveway availability, resulting in more off-street-capable cars parking on the street."
"7","q7","Location","Enter your full postal code or first three characters of your postal code.","[Postal Code Input / Opt-Out]","Free text postal code (e.g. T5J 2R7) or Anonymous Opt-Out","0 vehicles","0 stalls (0%)","Demographic and geographic location data collection; does not alter policy demand on the simulated model street."
